cell-line,alleles
143B,HLA-A*02:11;HLA-B*52:01;HLA-C*12:02
2313287,HLA-A*25:01;HLA-B*18:01;HLA-C*12:03
253J,HLA-A*01:01;HLA-A*03:01;HLA-B*08:01;HLA-B*51:01;HLA-C*07:01;HLA-C*12:03
253JBV,HLA-A*01:01;HLA-A*03:01;HLA-B*08:01;HLA-B*51:01;HLA-C*07:06;HLA-C*12:03
42MGBA,HLA-A*33:03;HLA-B*39:01;HLA-C*12:03
501A,HLA-A*02:01;HLA-A*03:01;HLA-B*07:02;HLA-B*14:02;HLA-C*07:02;HLA-C*08:02
537MEL,HLA-A*01:01;HLA-A*26:01;HLA-B*15:32;HLA-B*44:02;HLA-C*01:02;HLA-C*05:01
59M,HLA-A*03:01;HLA-A*11:01;HLA-B*35:01;HLA-B*44:02;HLA-C*04:01;HLA-C*05:01
624mel,HLA-A*02:01;HLA-A*03:01;HLA-B*07:02;HLA-B*14:02;HLA-C*07:02;HLA-C*08:02
639V,HLA-A*01:01;HLA-A*02:01;HLA-B*44:02;HLA-B*57:01;HLA-C*05:01;HLA-C*06:02
647V,HLA-A*02:01;HLA-B*27:05;HLA-B*40:01;HLA-C*02:02;HLA-C*03:04
697,HLA-A*02:01;HLA-A*25:01;HLA-B*07:02;HLA-B*15:01
769P,HLA-A*03:01;HLA-A*24:02;HLA-B*07:02;HLA-C*07:02
786O,HLA-A*03:01;HLA-B*07:02;HLA-B*44:02;HLA-C*05:01;HLA-C*07:02
8305C,HLA-A*11:01;HLA-B*15:01;HLA-B*54:01;HLA-C*01:02;HLA-C*04:01
8505C,HLA-A*02:01;HLA-A*26:01;HLA-B*39:01;HLA-B*51:01;HLA-C*07:02;HLA-C*15:02
928mel,HLA-A*11:01;HLA-A*24:02;HLA-B*53:01;HLA-B*57:01;HLA-C*04:01;HLA-C*06:02
A101D,HLA-A*01:01;HLA-A*25:01;HLA-B*07:02;HLA-B*08:01;HLA-C*07:02
A172,HLA-A*01:01;HLA-A*03:01;HLA-B*07:02;HLA-B*08:01;HLA-C*07:01
A204,HLA-A*01:01;HLA-A*02:01;HLA-B*35:20;HLA-C*03:04;HLA-C*07:01
A2058,HLA-A*03:01;HLA-A*25:01;HLA-B*07:02;HLA-B*18:01;HLA-C*07:02;HLA-C*12:03
A253,HLA-A*32:01;HLA-B*44:02;HLA-C*03:04;HLA-C*05:01
A2780,HLA-A*26:03;HLA-B*37:04;HLA-B*49:01;HLA-C*02:02;HLA-C*07:01
A375,HLA-A*01:01;HLA-A*02:01;HLA-B*44:03;HLA-B*57:01;HLA-C*06:02;HLA-C*16:01
A3KAW,HLA-A*02:03;HLA-B*39:01;HLA-C*07:02
A427,HLA-A*03:01;HLA-B*35:03;HLA-C*12:03
A431,HLA-A*03:01;HLA-B*07:02;HLA-C*07:02
A498,HLA-A*02:01;HLA-B*08:01;HLA-C*07:01
A4Fuk,HLA-A*24:02;HLA-B*52:01;HLA-B*59:01;HLA-C*01:02
A549,HLA-A*25:01;HLA-A*30:01;HLA-B*07:02;HLA-B*44:03;HLA-C*12:03
A673,HLA-A*01:01;HLA-A*02:01;HLA-B*07:02;HLA-C*07:02
A704,HLA-A*34:02;HLA-A*74:01;HLA-B*35:01;HLA-B*44:03;HLA-C*04:01
ABC1,HLA-A*24:02;HLA-B*37:04;HLA-B*58:05;HLA-C*07:02
ACCMESO1,HLA-A*31:01;HLA-B*15:01;HLA-B*46:01;HLA-C*15:02
ACHN,HLA-A*26:01;HLA-B*49:01;HLA-C*07:01
AGS,HLA-A*02:01;HLA-B*52:01;HLA-C*03:03
ALLSIL,HLA-A*02:01;HLA-A*30:02;HLA-B*14:02;HLA-B*15:01;HLA-C*03:03;HLA-C*08:02
AM38,HLA-A*24:02;HLA-A*26:01;HLA-B*15:07;HLA-B*35:01;HLA-C*03:03
AML193,HLA-A*68:02;HLA-A*74:01;HLA-B*15:10;HLA-C*03:02;HLA-C*08:02
AMO1,HLA-A*26:03;HLA-A*33:03;HLA-B*44:03;HLA-B*54:01;HLA-C*14:03
AN3CA,HLA-A*11:01;HLA-B*15:11;HLA-B*58:01;HLA-C*05:01;HLA-C*06:02
ATRFLOX,HLA-A*01:01;HLA-A*02:01;HLA-B*18:01;HLA-B*45:01;HLA-C*05:01;HLA-C*07:06
AU565,HLA-A*02:01;HLA-A*03:01;HLA-B*14:02;HLA-B*40:07;HLA-C*03:04;HLA-C*08:02
AsPC1,HLA-A*01:01;HLA-A*26:01;HLA-B*15:01;HLA-C*03:04
BCP1,HLA-A*24:02;HLA-A*68:01;HLA-B*38:01;HLA-B*44:02;HLA-C*05:01;HLA-C*12:03
BCPAP,HLA-A*02:01;HLA-A*33:01;HLA-B*18:01;HLA-B*35:01;HLA-C*04:01;HLA-C*07:01
BEN,HLA-A*24:02;HLA-B*44:03;HLA-C*04:01
BFTC905,HLA-A*02:07;HLA-A*24:02;HLA-B*27:04;HLA-B*40:01;HLA-C*07:02;HLA-C*12:02
BFTC909,HLA-A*02:07;HLA-A*26:01;HLA-B*08:01;HLA-B*46:01;HLA-C*01:02;HLA-C*07:02
BHY,HLA-A*24:02;HLA-B*51:01;HLA-B*54:01;HLA-C*01:02
BICR10,HLA-A*01:01;HLA-B*14:01;HLA-B*44:02;HLA-C*01:02;HLA-C*07:06
BICR16,HLA-A*03:01;HLA-A*11:01;HLA-B*07:02;HLA-C*07:02
BICR22,HLA-A*01:01;HLA-B*08:01;HLA-C*07:01
BICR31,HLA-A*32:01;HLA-B*07:02;HLA-C*07:02
BICR56,HLA-A*02:01;HLA-A*24:02;HLA-B*07:02;HLA-B*50:01;HLA-C*06:02;HLA-C*07:02
BICR6,HLA-A*01:02;HLA-A*30:02;HLA-B*07:02;HLA-B*18:01;HLA-C*05:01;HLA-C*07:02
BICR78,HLA-A*02:01;HLA-A*29:02;HLA-B*44:03;HLA-C*05:01;HLA-C*16:01
BJAB,HLA-A*01:01;HLA-A*02:01;HLA-B*13:02;HLA-B*35:01;HLA-C*04:01;HLA-C*06:02
BL41,HLA-A*32:01;HLA-B*35:01;HLA-B*49:01;HLA-C*04:01;HLA-C*07:06
BL70,HLA-A*26:01;HLA-A*32:01;HLA-B*49:01;HLA-B*51:01;HLA-C*07:01;HLA-C*14:02
BT20,HLA-A*24:02;HLA-B*15:01;HLA-B*67:02;HLA-C*03:03;HLA-C*12:03
BT474,HLA-A*02:46;HLA-A*29:02;HLA-B*07:02;HLA-B*35:08;HLA-C*07:02;HLA-C*16:01
BT483,HLA-A*24:02;HLA-B*08:01;HLA-B*15:01;HLA-C*03:03;HLA-C*07:01
BT549,HLA-A*01:01;HLA-A*02:01;HLA-B*15:17;HLA-B*56:01;HLA-C*03:03;HLA-C*07:01
BV173,HLA-A*02:01;HLA-A*30:01;HLA-B*15:10;HLA-B*18:01;HLA-C*03:04;HLA-C*12:03
BxPC3,HLA-A*01:01;HLA-B*37:01;HLA-C*06:02
C170,HLA-A*02:01;HLA-A*24:02;HLA-B*08:01;HLA-B*35:01;HLA-C*04:01;HLA-C*07:01
C2BBe1,HLA-A*02:01;HLA-B*15:34;HLA-C*04:01
C32,HLA-A*02:01;HLA-A*25:01;HLA-B*18:01;HLA-B*44:02;HLA-C*05:01;HLA-C*12:03
C32TG,HLA-A*02:01;HLA-A*25:01;HLA-B*18:01;HLA-B*44:02;HLA-C*05:01;HLA-C*12:03
C33A,HLA-A*02:01;HLA-A*03:01;HLA-B*07:02;HLA-B*44:02;HLA-C*05:01;HLA-C*07:02
C3A,HLA-A*02:19;HLA-A*24:02;HLA-B*15:137;HLA-B*35:14;HLA-C*04:01;HLA-C*16:02
CA46,HLA-A*02:01;HLA-A*24:02;HLA-B*27:04;HLA-C*12:02
CADOES1,HLA-A*11:01;HLA-A*24:02;HLA-B*15:01;HLA-B*40:01;HLA-C*04:01;HLA-C*07:02
CAL120,HLA-A*03:01;HLA-B*44:02;HLA-B*56:01;HLA-C*01:02;HLA-C*05:01
CAL12T,HLA-A*02:01;HLA-B*44:02;HLA-C*05:01
CAL148,HLA-A*11:01;HLA-A*24:18;HLA-B*15:78;HLA-B*45:01;HLA-C*06:02;HLA-C*15:02
CAL27,HLA-A*26:08;HLA-B*44:03;HLA-B*51:01;HLA-C*07:02;HLA-C*16:01
CAL29,HLA-A*03:01;HLA-A*23:01;HLA-B*49:01;HLA-C*07:01;HLA-C*12:03
CAL33,HLA-A*01:01;HLA-A*30:02;HLA-B*08:01;HLA-C*05:01;HLA-C*07:01
CAL51,HLA-A*24:02;HLA-A*29:02;HLA-B*44:26;HLA-B*51:01;HLA-C*16:01
CAL54,HLA-A*01:01;HLA-B*57:01;HLA-C*07:01
CAL78,HLA-A*29:01;HLA-A*32:01;HLA-B*18:01;HLA-B*55:01;HLA-C*03:03;HLA-C*12:03
CAL851,HLA-A*03:01;HLA-B*50:01;HLA-B*67:02;HLA-C*06:02;HLA-C*12:02
CAMA1,HLA-A*02:01;HLA-A*32:01;HLA-B*15:01;HLA-B*40:02;HLA-C*02:02;HLA-C*03:03
CAS1,HLA-A*02:01;HLA-B*50:01;HLA-B*51:01;HLA-C*01:02;HLA-C*06:02
CCFSTTG1,HLA-A*01:01;HLA-B*08:01;HLA-B*37:01;HLA-C*06:02;HLA-C*07:01
CCRFSB,HLA-A*01:01;HLA-A*02:01;HLA-B*44:05;HLA-B*57:01;HLA-C*02:02;HLA-C*06:02
CFPAC1,HLA-A*02:01;HLA-A*03:01;HLA-B*35:08;HLA-B*73:01;HLA-C*04:01;HLA-C*15:05
CHL1,HLA-A*02:01;HLA-B*07:13;HLA-B*57:01;HLA-C*07:02
CHP212,HLA-A*02:01;HLA-A*24:02;HLA-B*07:07;HLA-B*58:05;HLA-C*07:02
CI1,HLA-A*30:01;HLA-B*13:02;HLA-B*44:06;HLA-C*05:01;HLA-C*06:02
CJM,HLA-A*02:01;HLA-B*40:02;HLA-C*03:04
CL11,HLA-A*02:01;HLA-B*51:01;HLA-C*04:01
CL14,HLA-A*02:01;HLA-A*11:01;HLA-B*07:02;HLA-B*51:01;HLA-C*04:01;HLA-C*07:02
CL34,
CL40,HLA-A*11:01;HLA-B*27:05;HLA-C*01:02
CMK,HLA-A*02:01;HLA-A*24:02;HLA-B*15:18;HLA-B*40:02;HLA-C*08:01
CMLT1,HLA-A*26:01;HLA-B*40:06;HLA-B*46:01;HLA-C*01:02;HLA-C*03:04
COLO201,HLA-A*01:01;HLA-A*02:01;HLA-B*07:02;HLA-B*08:01;HLA-C*07:06
COLO205,HLA-A*01:01;HLA-A*02:01;HLA-B*07:02;HLA-B*08:01;HLA-C*07:01
COLO206F,HLA-A*01:01;HLA-A*02:01;HLA-B*07:02;HLA-B*08:01;HLA-C*07:01
COLO320,HLA-A*24:02;HLA-B*14:02;HLA-C*07:01;HLA-C*08:02
COLO320DM,HLA-A*24:02;HLA-B*14:02;HLA-B*39:10;HLA-C*08:02
COLO678,HLA-A*02:01;HLA-B*07:02;HLA-C*07:02
COLO679,HLA-A*01:01;HLA-A*24:02;HLA-B*08:01;HLA-B*51:01;HLA-C*07:01;HLA-C*15:02
COLO680N,HLA-A*02:01;HLA-A*30:02;HLA-B*15:16;HLA-B*57:01;HLA-C*06:02;HLA-C*14:02
COLO684,HLA-A*02:01;HLA-A*11:01;HLA-B*07:02;HLA-B*45:01;HLA-C*04:01;HLA-C*16:01
COLO699,HLA-A*02:01;HLA-B*07:02;HLA-B*37:04;HLA-C*06:02;HLA-C*07:02
COLO704,HLA-A*02:01;HLA-A*11:01;HLA-B*07:02;HLA-B*45:01;HLA-C*04:01;HLA-C*16:01
COLO741,HLA-A*03:01;HLA-B*07:02;HLA-B*51:01;HLA-C*07:02;HLA-C*15:02
COLO783,HLA-A*24:02;HLA-B*07:02;HLA-C*07:02
COLO792,HLA-A*03:02;HLA-A*11:01;HLA-B*08:01;HLA-B*52:01;HLA-C*07:01;HLA-C*12:02
COLO794,HLA-A*02:01;HLA-A*29:02;HLA-B*44:03;HLA-C*05:01;HLA-C*16:01
COLO800,HLA-A*29:02;HLA-B*44:02;HLA-C*05:01;HLA-C*16:01
COLO818,HLA-A*02:01;HLA-A*29:02;HLA-B*44:03;HLA-C*05:01;HLA-C*16:01
COLO829,HLA-A*01:01;HLA-B*08:01;HLA-B*40:02;HLA-C*03:04;HLA-C*07:06
COLO849,HLA-A*01:01;HLA-A*03:01;HLA-B*08:01;HLA-B*40:02;HLA-C*03:04;HLA-C*07:01
COLO853,HLA-A*01:01;HLA-B*40:02;HLA-C*03:04
COLO857,HLA-A*01:01;HLA-B*40:02;HLA-C*03:04
CORL26,HLA-A*01:01;HLA-B*08:01;HLA-C*07:01
CORL279,HLA-A*01:01;HLA-A*02:01;HLA-B*35:08;HLA-B*58:05;HLA-C*01:02;HLA-C*07:01
CORL47,HLA-A*03:01;HLA-B*08:01;HLA-B*18:01;HLA-C*07:01
CORL88,HLA-A*01:01;HLA-B*37:04;HLA-B*58:05;HLA-C*07:06
CORL95,HLA-A*03:01;HLA-A*24:02;HLA-B*35:03;HLA-C*04:01
COV318,HLA-A*02:01;HLA-A*03:01;HLA-B*07:02;HLA-C*07:02
COV362,HLA-A*03:01;HLA-B*40:01;HLA-C*03:04
COV413A,HLA-A*02:01;HLA-B*07:02;HLA-C*07:02
COV413B,HLA-A*02:01;HLA-B*07:02;HLA-C*07:02
COV434,HLA-A*02:05;HLA-A*31:01;HLA-B*44:02;HLA-B*50:01;HLA-C*06:02;HLA-C*15:02
COV504,HLA-A*11:01;HLA-B*35:01;HLA-C*04:01
COV644,HLA-A*02:01;HLA-B*35:03;HLA-C*04:01
CPCN,HLA-A*01:01;HLA-A*30:02;HLA-B*08:01;HLA-B*18:01;HLA-C*05:01;HLA-C*07:01
CW2,HLA-A*26:01;HLA-B*44:03;HLA-B*46:01;HLA-C*14:03
CX1,HLA-A*01:01;HLA-A*24:03;HLA-B*44:02;HLA-B*58:01;HLA-C*04:01
CaR1,HLA-A*02:06;HLA-A*11:01;HLA-B*15:01;HLA-B*54:01;HLA-C*01:02;HLA-C*07:02
CaSki,HLA-A*02:01;HLA-A*03:01;HLA-B*07:02;HLA-B*37:01;HLA-C*07:02
Caco2,HLA-A*02:01;HLA-B*15:01;HLA-C*04:01
Caki1,HLA-A*23:01;HLA-A*24:02;HLA-B*35:02;HLA-B*44:03;HLA-C*04:01
Caki2,HLA-A*01:01;HLA-A*11:01;HLA-B*08:01;HLA-B*52:01;HLA-C*07:01;HLA-C*12:02
Calu1,HLA-A*26:01;HLA-A*29:02;HLA-B*15:01;HLA-B*44:03;HLA-C*03:04;HLA-C*16:01
Calu3,HLA-A*24:02;HLA-A*68:01;HLA-B*07:02;HLA-B*51:01;HLA-C*15:02
Calu6,HLA-A*01:01;HLA-B*08:01;HLA-B*35:08;HLA-C*07:01
Caov3,HLA-A*26:01;HLA-A*69:01;HLA-B*49:01;HLA-C*07:01
Capan1,HLA-A*01:01;HLA-A*30:01;HLA-B*13:02;HLA-B*57:01;HLA-C*06:02
Capan2,HLA-A*29:02;HLA-B*44:03;HLA-C*16:01
ChaGoK1,HLA-A*02:01;HLA-B*44:02;HLA-C*05:01
DANG,HLA-A*02:01;HLA-B*07:02;HLA-B*13:02;HLA-C*06:02;HLA-C*07:02
DB,HLA-A*02:01;HLA-B*07:02;HLA-B*18:01;HLA-C*05:01;HLA-C*07:14
DBTRG05MG,HLA-A*02:01;HLA-A*68:01;HLA-B*35:01;HLA-B*38:01;HLA-C*12:03;HLA-C*15:02
DEL,HLA-A*02:01;HLA-A*26:01;HLA-B*14:01;HLA-B*27:05;HLA-C*08:02
DEOC1,HLA-A*24:02;HLA-A*26:01;HLA-B*40:02;HLA-B*52:01;HLA-C*03:04;HLA-C*12:02
DKMG,HLA-A*03:01;HLA-C*07:01
DLD1,HLA-A*02:01;HLA-A*24:02;HLA-B*08:01;HLA-C*04:01;HLA-C*07:01
DM3,HLA-A*02:14;HLA-B*13:02;HLA-B*50:01;HLA-C*06:02
DMS273,HLA-A*03:01;HLA-A*23:01;HLA-B*35:03;HLA-B*44:03;HLA-C*04:01
DMS454,HLA-A*02:01;HLA-A*24:02;HLA-B*18:01;HLA-B*51:01;HLA-C*12:03;HLA-C*14:02
DMS53,HLA-A*03:01;HLA-B*08:01;HLA-B*35:03;HLA-C*04:01;HLA-C*07:01
DMS79,HLA-A*01:01;HLA-A*02:01;HLA-B*08:01;HLA-B*35:01;HLA-C*04:01;HLA-C*07:01
DOHH2,HLA-A*01:01;HLA-B*08:01;HLA-B*44:02;HLA-C*07:01
DOK,HLA-A*02:01;HLA-A*29:02;HLA-B*08:01;HLA-B*44:03;HLA-C*07:01;HLA-C*16:01
DOR13,HLA-A*30:02;HLA-A*74:01;HLA-B*15:03;HLA-B*51:01;HLA-C*02:02;HLA-C*16:01
DU145,HLA-A*33:03;HLA-B*50:01;HLA-B*57:01;HLA-C*06:02
DU4475,HLA-A*03:01;HLA-A*31:01;HLA-B*07:02;HLA-B*40:01;HLA-C*03:04;HLA-C*07:02
DV90,HLA-A*03:01;HLA-A*11:01;HLA-B*15:17;HLA-B*35:11;HLA-C*04:01
Daudi,HLA-A*01:02;HLA-A*66:01;HLA-B*58:01;HLA-C*03:02;HLA-C*06:02
Detroit562,HLA-A*26:01;HLA-A*30:01;HLA-B*13:02;HLA-B*55:01;HLA-C*01:02;HLA-C*06:02
EB1,HLA-A*29:02;HLA-A*31:04;HLA-B*47:03;HLA-B*57:03;HLA-C*07:01
EB2,HLA-A*29:02;HLA-A*31:04;HLA-B*47:03;HLA-B*57:03;HLA-C*07:01
EB3,HLA-A*03:01;HLA-A*30:02;HLA-B*15:03;HLA-B*47:03;HLA-C*02:02;HLA-C*07:01
EBC1,HLA-A*24:02;HLA-B*07:02;HLA-C*07:02
ECC10,HLA-A*03:01;HLA-A*24:02;HLA-B*40:01;HLA-B*44:02;HLA-C*03:04;HLA-C*05:01
ECC12,HLA-A*24:02;HLA-A*26:01;HLA-B*35:21;HLA-B*51:01;HLA-C*03:03;HLA-C*14:02
ECGI10,HLA-A*24:02;HLA-B*52:01;HLA-C*12:02
EFE184,HLA-A*01:01;HLA-A*03:01;HLA-B*08:01;HLA-B*51:01;HLA-C*01:02;HLA-C*07:01
EFM19,HLA-A*29:02;HLA-A*33:03;HLA-B*35:01;HLA-B*44:04;HLA-C*03:02;HLA-C*16:01
EFM192A,HLA-A*01:01;HLA-A*24:02;HLA-B*07:02;HLA-B*39:01;HLA-C*07:02;HLA-C*12:03
EFM192B,HLA-A*01:01;HLA-A*24:02;HLA-B*07:02;HLA-B*39:01;HLA-C*07:02;HLA-C*12:03
EFM192C,HLA-A*01:01;HLA-A*24:02;HLA-B*07:02;HLA-B*39:01;HLA-C*07:02;HLA-C*12:03
EFO21,HLA-A*26:01;HLA-A*32:01;HLA-B*07:02;HLA-B*14:01;HLA-C*07:02
EFO27,HLA-A*02:01;HLA-A*03:01;HLA-B*35:01;HLA-B*40:01;HLA-C*03:04;HLA-C*04:01
EHEB,HLA-A*02:01;HLA-B*15:01;HLA-B*27:05;HLA-C*01:02;HLA-C*03:03
EJM,HLA-A*01:01;HLA-A*32:01;HLA-B*08:01;HLA-B*55:01;HLA-C*03:03;HLA-C*07:01
EKVX,HLA-A*01:01;HLA-B*37:01;HLA-C*06:02
EM2,HLA-A*02:01;HLA-A*03:01;HLA-B*07:02;HLA-B*44:02;HLA-C*05:01;HLA-C*07:02
EN,HLA-A*24:02;HLA-A*26:01;HLA-B*35:01;HLA-B*54:01;HLA-C*01:02;HLA-C*03:03
EOL1,HLA-A*24:02;HLA-A*29:02;HLA-B*35:03;HLA-B*44:03;HLA-C*04:01;HLA-C*16:01
EPLC272H,HLA-A*03:01;HLA-B*15:01;HLA-C*03:04
ES2,HLA-A*03:01;HLA-A*68:02;HLA-B*14:02;HLA-B*41:01;HLA-C*07:01;HLA-C*08:04
F36P,HLA-A*24:02;HLA-A*33:03;HLA-B*40:06;HLA-B*58:01;HLA-C*03:02;HLA-C*08:01
FTC133,HLA-A*03:01;HLA-B*07:02;HLA-C*07:02
FTC238,HLA-A*03:01;HLA-B*07:02;HLA-C*07:02
FU97,HLA-A*33:03;HLA-B*44:03;HLA-B*46:01;HLA-C*14:03
FUOV1,HLA-A*24:02;HLA-B*51:01;HLA-B*52:01;HLA-C*12:02;HLA-C*14:02
FaDu,HLA-A*01:01;HLA-B*15:17;HLA-B*37:04;HLA-C*07:01
Farage,HLA-A*03:01;HLA-A*24:02;HLA-B*14:02;HLA-B*51:01;HLA-C*08:02;HLA-C*16:02
G111,HLA-A*02:01;HLA-A*03:01;HLA-B*15:01;HLA-B*35:01;HLA-C*03:03;HLA-C*04:01
G112,HLA-A*01:01;HLA-B*08:01;HLA-C*07:01
G118,HLA-A*24:02;HLA-B*51:01;HLA-C*03:03
G120,HLA-A*68:01;HLA-B*40:01;HLA-C*03:04
G121,HLA-A*01:01;HLA-B*08:01;HLA-B*35:02;HLA-C*04:01;HLA-C*07:01
G122,HLA-A*01:01;HLA-A*02:01;HLA-B*08:01;HLA-B*15:01;HLA-C*03:03;HLA-C*07:01
G124,HLA-A*11:01;HLA-A*32:01;HLA-B*27:05;HLA-B*35:01;HLA-C*02:02;HLA-C*04:04
G130,HLA-A*11:01;HLA-A*29:01;HLA-B*07:02;HLA-B*39:06;HLA-C*07:02;HLA-C*15:05
G140,HLA-A*03:01;HLA-B*35:02;HLA-C*04:01
G141,HLA-A*24:02;HLA-B*51:01;HLA-C*03:03
G142,HLA-A*11:01;HLA-A*24:02;HLA-B*35:03;HLA-B*51:01;HLA-C*03:03;HLA-C*12:03
G22,HLA-A*02:01;HLA-A*30:01;HLA-B*13:02;HLA-B*15:01;HLA-C*03:04;HLA-C*06:02
G28T,HLA-A*01:01;HLA-A*31:01;HLA-B*08:01;HLA-B*13:02;HLA-C*06:02;HLA-C*07:01
G361,HLA-A*23:01;HLA-A*26:01;HLA-B*38:01;HLA-B*44:03;HLA-C*04:01;HLA-C*12:03
G402,HLA-A*24:02;HLA-B*07:02;HLA-B*08:01;HLA-C*07:06
G44,HLA-A*01:01;HLA-A*02:01;HLA-B*08:01;HLA-B*44:02;HLA-C*05:01;HLA-C*07:06
G59,HLA-A*25:01;HLA-A*68:01;HLA-B*15:01;HLA-B*44:02;HLA-C*03:03;HLA-C*05:01
G61,HLA-A*01:01;HLA-A*02:01;HLA-B*08:01;HLA-B*44:02;HLA-C*05:01;HLA-C*07:01
G84,HLA-A*03:01;HLA-A*30:01;HLA-B*08:01;HLA-B*51:01;HLA-C*07:01;HLA-C*15:02
G96,HLA-A*01:01;HLA-A*02:01;HLA-B*08:01;HLA-B*44:02;HLA-C*05:01;HLA-C*07:01
GA10,HLA-A*02:01;HLA-A*32:01;HLA-B*07:02;HLA-B*55:01;HLA-C*03:03;HLA-C*07:02
GAMG,HLA-A*02:01;HLA-A*03:01;HLA-B*07:02;HLA-B*15:01;HLA-C*03:03;HLA-C*07:02
GCT,HLA-A*01:01;HLA-A*23:01;HLA-B*08:01;HLA-B*15:17;HLA-C*07:01
GDM1,HLA-A*02:01;HLA-A*68:02;HLA-B*35:03;HLA-B*38:01;HLA-C*04:01;HLA-C*12:03
GI1,HLA-A*02:06;HLA-A*26:01;HLA-B*35:01;HLA-B*48:01;HLA-C*03:03;HLA-C*08:01
GMS10,HLA-A*02:01;HLA-B*38:01;HLA-B*44:02;HLA-C*12:03
GOS3,HLA-A*02:01;HLA-A*03:01;HLA-B*07:02;HLA-B*47:01;HLA-C*06:02;HLA-C*07:02
GP2d,HLA-A*24:02;HLA-B*44:02;HLA-C*05:01
GP5d,HLA-A*24:02;HLA-B*44:02;HLA-C*05:01
GRANTA519,HLA-A*02:05;HLA-B*07:02;HLA-B*50:01;HLA-C*06:02;HLA-C*07:02
GRM,HLA-A*24:02;HLA-B*52:01;HLA-C*12:02
GTL16,HLA-A*24:02;HLA-B*52:01;HLA-B*67:02;HLA-C*12:02
H322T,HLA-A*29:02;HLA-B*40:01;HLA-B*44:03;HLA-C*16:01
H4,HLA-A*03:01;HLA-B*08:01;HLA-B*18:01;HLA-C*05:01;HLA-C*07:01
HBL100,HLA-A*01:01;HLA-A*02:01;HLA-B*08:01;HLA-B*40:01;HLA-C*03:04;HLA-C*07:01
HCA7,HLA-A*01:01;HLA-A*02:01;HLA-B*37:01;HLA-B*51:01;HLA-C*06:02;HLA-C*14:02
HCC1011,HLA-A*01:01;HLA-A*32:01;HLA-B*08:01;HLA-B*40:02;HLA-C*02:02;HLA-C*07:01
HCC1143,HLA-A*31:01;HLA-B*35:08;HLA-B*37:01;HLA-C*04:01;HLA-C*06:02
HCC1162,HLA-A*30:02;HLA-A*33:01;HLA-B*37:01;HLA-B*57:03;HLA-C*06:02;HLA-C*18:02
HCC1171,HLA-A*02:01;HLA-A*03:01;HLA-B*40:01;HLA-C*02:02;HLA-C*03:04
HCC1187,HLA-A*01:01;HLA-A*31:01;HLA-B*08:01;HLA-B*40:01;HLA-C*03:04;HLA-C*07:01
HCC1195,HLA-A*30:01;HLA-A*33:03;HLA-B*42:02;HLA-B*58:02;HLA-C*06:02;HLA-C*17:01
HCC12,HLA-A*03:01;HLA-B*40:15;HLA-B*47:01;HLA-C*06:02
HCC1263,HLA-A*01:01;HLA-A*23:01;HLA-B*07:02;HLA-B*50:01;HLA-C*06:02;HLA-C*07:02
HCC1319,HLA-A*68:01;HLA-B*14:02;HLA-C*08:02
HCC1359,HLA-A*30:01;HLA-A*66:01;HLA-B*35:01;HLA-B*58:02;HLA-C*06:02;HLA-C*16:01
HCC1395,HLA-A*29:02;HLA-B*08:01;HLA-B*45:01;HLA-C*06:02;HLA-C*07:01
HCC1419,HLA-A*02:01;HLA-A*24:02;HLA-B*15:01;HLA-B*52:01;HLA-C*01:02;HLA-C*03:03
HCC1428,HLA-A*01:01;HLA-A*02:01;HLA-B*07:02;HLA-C*07:02
HCC1438,HLA-A*29:02;HLA-B*44:03;HLA-C*16:01
HCC1482,HLA-A*33:03;HLA-A*68:01;HLA-B*35:03;HLA-B*58:01;HLA-C*03:02;HLA-C*04:01
HCC1493,HLA-A*26:01;HLA-A*69:01;HLA-B*13:02;HLA-B*55:01;HLA-C*01:02;HLA-C*06:02
HCC15,HLA-A*30:02;HLA-B*15:17;HLA-C*05:01
HCC1500,HLA-A*02:02;HLA-B*15:10;HLA-C*03:04;HLA-C*04:01
HCC1534,HLA-A*30:04;HLA-B*41:01;HLA-C*17:01
HCC1569,HLA-A*30:04;HLA-A*68:02;HLA-B*53:01;HLA-B*58:01;HLA-C*04:01;HLA-C*15:05
HCC1576,HLA-A*32:01;HLA-A*68:01;HLA-B*08:01;HLA-B*44:02;HLA-C*02:02;HLA-C*07:04
HCC1588,HLA-A*32:01;HLA-B*51:01;HLA-C*01:02
HCC1599,HLA-A*01:01;HLA-A*02:01;HLA-B*08:01;HLA-B*13:02;HLA-C*06:02;HLA-C*07:01
HCC1806,HLA-A*23:01;HLA-A*68:01;HLA-B*15:03;HLA-B*51:01;HLA-C*02:02
HCC1833,HLA-A*24:02;HLA-B*35:03;HLA-C*12:03
HCC193,HLA-A*01:01;HLA-A*24:02;HLA-B*08:01;HLA-B*40:01;HLA-C*03:04;HLA-C*07:01
HCC1937,HLA-A*23:01;HLA-A*24:02;HLA-B*40:16;HLA-B*81:03;HLA-C*03:04;HLA-C*07:02
HCC1954,HLA-A*24:02;HLA-B*35:01;HLA-B*40:06;HLA-C*04:01;HLA-C*15:02
HCC202,HLA-A*32:01;HLA-B*27:07;HLA-C*15:02
HCC2108,HLA-A*02:01;HLA-B*44:02;HLA-C*05:01
HCC2157,HLA-A*02:02;HLA-A*30:01;HLA-B*41:02;HLA-B*42:01;HLA-C*17:01
HCC2218,HLA-A*24:02;HLA-B*35:08;HLA-B*58:01;HLA-C*06:02;HLA-C*07:01
HCC2270,HLA-A*01:01;HLA-A*03:01;HLA-B*08:01;HLA-B*50:01;HLA-C*06:02;HLA-C*07:01
HCC2279,HLA-A*11:01;HLA-B*40:01;HLA-C*03:04
HCC2302,HLA-A*03:01;HLA-B*07:02;HLA-B*14:02;HLA-C*07:02
HCC2688,HLA-A*01:01;HLA-B*08:01;HLA-C*07:01
HCC2885,HLA-A*02:01;HLA-A*03:01;HLA-B*14:02;HLA-B*27:05;HLA-C*02:02;HLA-C*08:02
HCC2911,
HCC2935,HLA-A*02:01;HLA-A*26:01;HLA-B*37:01;HLA-B*49:01;HLA-C*06:02;HLA-C*07:01
HCC33,HLA-A*03:01;HLA-A*24:02;HLA-B*07:02;HLA-C*07:02
HCC364,HLA-A*24:02;HLA-B*35:02;HLA-C*04:01
HCC366,HLA-A*11:01;HLA-B*55:01;HLA-C*03:03
HCC38,HLA-A*03:01;HLA-B*35:03;HLA-C*12:03
HCC4006,HLA-A*33:03;HLA-B*44:03;HLA-C*07:01
HCC4011,HLA-A*02:01;HLA-A*32:01;HLA-B*40:02;HLA-B*44:02;HLA-C*02:02;HLA-C*05:01
HCC4017,HLA-A*29:02;HLA-B*07:02;HLA-C*07:02
HCC44,HLA-A*24:02;HLA-B*35:03;HLA-C*04:01
HCC461,HLA-A*03:01;HLA-B*07:02;HLA-B*40:01;HLA-C*03:04;HLA-C*07:02
HCC515,HLA-A*11:01;HLA-B*51:01;HLA-C*15:02
HCC56,HLA-A*24:02;HLA-A*33:03;HLA-B*44:03;HLA-B*51:01;HLA-C*03:04;HLA-C*14:03
HCC60,HLA-A*80:01;HLA-B*50:01;HLA-C*06:02
HCC630,HLA-A*11:01;HLA-A*24:02;HLA-B*18:01;HLA-B*37:01;HLA-C*07:04
HCC70,HLA-A*03:01;HLA-A*30:02;HLA-B*15:16;HLA-B*78:01;HLA-C*16:01
HCC78,HLA-A*02:05;HLA-B*13:02;HLA-B*15:03;HLA-C*06:02;HLA-C*12:03
HCC827,HLA-A*11:01;HLA-B*35:01;HLA-B*52:01;HLA-C*12:02
HCC89,HLA-A*02:01;HLA-A*32:01;HLA-B*08:01;HLA-B*18:01;HLA-C*05:01;HLA-C*07:01
HCC95,HLA-A*11:01;HLA-A*29:02;HLA-B*13:02;HLA-B*18:01;HLA-C*16:01
HCT116,HLA-A*01:01;HLA-A*02:01;HLA-B*18:01;HLA-B*45:01;HLA-C*05:01;HLA-C*07:01
HCT15,HLA-A*02:01;HLA-A*24:02;HLA-B*08:01;HLA-B*35:01;HLA-C*04:01;HLA-C*07:06
HCT8,HLA-A*02:01;HLA-A*24:02;HLA-B*08:01;HLA-B*35:01;HLA-C*04:01;HLA-C*07:01
HEC108,HLA-A*24:20;HLA-A*26:01;HLA-B*40:01;HLA-B*52:01;HLA-C*12:02;HLA-C*15:02
HEC151,HLA-A*24:02;HLA-A*31:01;HLA-B*51:01;HLA-B*52:01;HLA-C*12:02;HLA-C*14:02
HEC1A,
HEC1B,HLA-A*26:01;HLA-B*40:06;HLA-C*03:03
HEC251,HLA-A*24:08;HLA-B*54:01;HLA-C*01:02
HEC265,HLA-A*02:17;HLA-A*03:01;HLA-B*08:01;HLA-B*51:24;HLA-C*01:02;HLA-C*03:03
HEC50B,HLA-A*02:07;HLA-B*08:01;HLA-B*15:39;HLA-C*01:02
HEC59,HLA-A*24:02;HLA-B*40:06;HLA-C*08:01
HEC6,HLA-A*24:02;HLA-B*59:01;HLA-C*01:02
HEL,HLA-A*03:01;HLA-A*32:01;HLA-B*35:08;HLA-C*04:01
HEY,HLA-A*02:01;HLA-A*29:02;HLA-B*44:02;HLA-B*45:01;HLA-C*05:01;HLA-C*06:02
HEp2,HLA-A*68:02;HLA-B*15:03;HLA-C*12:03
HGC27,HLA-A*24:02;HLA-B*55:02;HLA-C*03:03
HH,HLA-A*01:01;HLA-B*08:01;HLA-B*37:01;HLA-C*06:02;HLA-C*07:01
HL60,HLA-A*01:01;HLA-A*24:15;HLA-B*57:01;HLA-C*06:02
HLF,HLA-A*02:06;HLA-A*24:02;HLA-B*15:01;HLA-C*03:03
HM7,HLA-A*30:01;HLA-B*15:34;HLA-B*35:03;HLA-C*04:01;HLA-C*06:02
HMC18,HLA-A*24:02;HLA-A*31:01;HLA-B*07:13;HLA-B*35:08;HLA-C*01:02;HLA-C*07:02
HMCB,HLA-A*02:01;HLA-B*07:02;HLA-B*57:01;HLA-C*06:02;HLA-C*07:02
HMY1,HLA-A*02:06;HLA-A*24:02;HLA-B*39:01;HLA-B*52:01;HLA-C*07:02;HLA-C*12:02
HN,HLA-A*24:02;HLA-A*31:01;HLA-B*07:02;HLA-B*51:01;HLA-C*07:02;HLA-C*14:02
HNT34,HLA-A*02:06;HLA-B*40:06;HLA-B*67:02;HLA-C*07:02;HLA-C*08:01
HOP62,HLA-A*03:01;HLA-A*11:01;HLA-B*40:01;HLA-B*56:01;HLA-C*01:02;HLA-C*03:04
HOP92,HLA-A*03:01;HLA-A*24:02;HLA-B*27:05;HLA-B*47:01;HLA-C*01:02;HLA-C*06:02
HOS,HLA-A*02:11;HLA-B*52:01;HLA-C*12:02
HPAC,HLA-A*03:01;HLA-B*14:02;HLA-C*08:02
HPAFII,HLA-A*01:01;HLA-A*26:01;HLA-B*08:01;HLA-B*55:01;HLA-C*03:03;HLA-C*07:01
HPBALL,HLA-A*24:02;HLA-B*15:07;HLA-B*52:01;HLA-C*03:03;HLA-C*12:02
HSC2,HLA-A*24:02;HLA-A*33:03;HLA-B*08:01;HLA-B*54:01;HLA-C*01:02;HLA-C*14:03
HSC4,HLA-A*24:02;HLA-A*31:01;HLA-B*07:02;HLA-B*51:01;HLA-C*07:02;HLA-C*14:02
HSSultan,HLA-A*03:01;HLA-A*74:01;HLA-B*53:01;HLA-B*58:01;HLA-C*04:01
HT,HLA-A*24:02;HLA-B*07:02;HLA-B*55:01;HLA-C*03:03;HLA-C*07:02
HT1080,HLA-A*31:01;HLA-A*68:01;HLA-B*27:05;HLA-C*02:02
HT115,HLA-A*02:01;HLA-A*24:02;HLA-B*51:01;HLA-C*02:02;HLA-C*16:01
HT1376,HLA-A*24:02;HLA-B*15:01;HLA-C*03:03
HT144,HLA-A*01:01;HLA-A*24:02;HLA-B*15:01;HLA-B*57:01;HLA-C*03:03;HLA-C*06:02
HT29,HLA-A*01:01;HLA-A*24:03;HLA-B*35:01;HLA-B*44:03;HLA-C*04:01
HT55,HLA-A*01:01;HLA-B*08:01;HLA-C*07:01
HUPT3,HLA-A*02:07;HLA-A*24:02;HLA-B*40:06;HLA-C*01:02;HLA-C*08:01
HUPT4,HLA-A*02:06;HLA-B*15:01;HLA-B*51:01;HLA-C*07:02;HLA-C*15:02
HeLa,HLA-A*68:02;HLA-B*15:03;HLA-C*12:03
HepG2,HLA-A*02:19;HLA-A*24:02;HLA-B*35:14;HLA-B*51:08;HLA-C*04:01;HLA-C*16:02
Hs255T,HLA-A*02:01;HLA-A*29:02;HLA-B*14:02;HLA-B*44:02;HLA-C*05:01
Hs294T,HLA-A*01:01;HLA-A*25:01;HLA-B*07:02;HLA-B*08:01;HLA-C*07:02
Hs38T,HLA-A*02:05;HLA-B*35:08;HLA-B*58:01;HLA-C*07:01
Hs578T,HLA-A*03:01;HLA-A*24:02;HLA-B*35:03;HLA-B*40:01;HLA-C*03:04;HLA-C*04:01
Hs675T,HLA-A*29:02;HLA-A*30:02;HLA-B*18:01;HLA-B*44:03;HLA-C*05:01;HLA-C*16:01
Hs683,HLA-A*32:01;HLA-B*07:02;HLA-B*44:02;HLA-C*05:01;HLA-C*07:02
Hs695T,HLA-A*02:01;HLA-B*49:01;HLA-C*07:01
Hs69ST,HLA-A*02:01;HLA-B*49:01;HLA-C*07:06
Hs746T,HLA-A*25:01;HLA-B*18:01;HLA-C*12:03
Hs766T,HLA-A*03:01;HLA-A*26:01;HLA-B*35:01;HLA-B*38:01;HLA-C*04:01;HLA-C*12:03
Hs839T,HLA-A*01:01;HLA-B*08:01;HLA-C*07:01
Hs852T,HLA-A*24:02;HLA-B*07:02;HLA-B*35:01;HLA-C*03:04;HLA-C*07:02
Hs895T,HLA-A*01:01;HLA-A*25:01;HLA-B*07:02;HLA-B*08:01;HLA-C*07:02
Hs936T,HLA-A*02:01;HLA-A*03:01;HLA-B*07:02;HLA-B*37:04;HLA-C*07:02
Hs940T,HLA-A*01:01;HLA-B*08:01;HLA-C*07:06
HuH7,HLA-A*11:01;HLA-B*08:03;HLA-B*35:09;HLA-C*01:02
IGR37,HLA-A*01:01;HLA-B*39:01;HLA-C*12:03
IGROV1,HLA-A*24:02;HLA-A*33:03;HLA-B*45:01;HLA-B*49:01;HLA-C*07:01
IM95,HLA-A*26:03;HLA-B*15:50;HLA-B*55:24;HLA-C*12:02
IM95m,HLA-A*26:03;HLA-B*15:40;HLA-B*67:02;HLA-C*12:02
IMR32,HLA-A*24:02;HLA-B*07:05;HLA-C*05:01;HLA-C*12:03
IPC298,HLA-A*03:01;HLA-A*24:02;HLA-B*07:02;HLA-B*35:02;HLA-C*04:01;HLA-C*07:02
ISTMES2,HLA-A*24:02;HLA-A*26:01;HLA-B*38:01;HLA-B*39:01;HLA-C*12:03
J82,HLA-A*02:01;HLA-A*32:01;HLA-B*44:02;HLA-B*51:01;HLA-C*05:01;HLA-C*15:02
JHH1,HLA-A*02:07;HLA-B*15:01;HLA-B*46:01;HLA-C*01:02
JHH2,HLA-A*24:02;HLA-A*26:01;HLA-B*52:01;HLA-B*67:02;HLA-C*08:01;HLA-C*12:02
JHH4,HLA-A*02:10;HLA-A*24:94;HLA-B*13:01;HLA-B*40:06;HLA-C*03:04;HLA-C*08:01
JHH5,HLA-A*24:02;HLA-B*08:01;HLA-B*67:02;HLA-C*01:02;HLA-C*12:02
JHH7,HLA-A*24:02;HLA-A*31:01;HLA-B*51:01;HLA-B*67:02;HLA-C*14:02
JHOC5,HLA-A*02:07;HLA-B*35:01;HLA-B*46:01;HLA-C*01:02;HLA-C*03:03
JHOM1,HLA-A*33:03;HLA-B*07:02;HLA-B*44:03;HLA-C*07:02
JHOM2B,HLA-A*26:01;HLA-B*35:01;HLA-C*03:03
JHOS4,HLA-A*24:02;HLA-A*33:03;HLA-B*44:03;HLA-B*52:01;HLA-C*12:02;HLA-C*14:03
JHUEM2,HLA-A*11:01;HLA-A*31:01;HLA-B*15:01;HLA-B*51:01;HLA-C*04:01;HLA-C*14:02
JHUEM7,HLA-A*24:02;HLA-A*31:01;HLA-B*46:01;HLA-B*52:01;HLA-C*01:02
JIMT1,HLA-A*03:01;HLA-A*68:01;HLA-B*08:01;HLA-B*40:01;HLA-C*03:04;HLA-C*07:06
JJ012,HLA-A*02:01;HLA-B*44:02;HLA-C*05:01
JJN3,HLA-A*03:01;HLA-A*33:01;HLA-B*07:02;HLA-B*14:02;HLA-C*07:02;HLA-C*08:02
JK1,HLA-A*31:01;HLA-B*15:11;HLA-B*58:01;HLA-C*03:02
JL1,HLA-A*02:05;HLA-A*03:01;HLA-B*49:01;HLA-B*55:01;HLA-C*03:04;HLA-C*07:01
JM1,HLA-A*01:01;HLA-B*07:02;HLA-B*51:01;HLA-C*07:02;HLA-C*16:01
JMSU1,HLA-A*31:01;HLA-B*67:01;HLA-C*07:02
JVM2,HLA-A*02:01;HLA-A*68:01;HLA-B*07:02;HLA-B*55:01;HLA-C*03:03;HLA-C*07:02
JVM3,HLA-A*01:01;HLA-B*08:01;HLA-C*07:01
Jiyoye,HLA-A*03:01;HLA-A*74:01;HLA-B*53:01;HLA-B*58:01;HLA-C*04:01
Jurkat-CloneE61,HLA-A*03:01;HLA-B*07:02;HLA-B*35:03;HLA-C*04:01;HLA-C*07:02
K029AX,HLA-A*01:01;HLA-A*02:01;HLA-B*08:01;HLA-B*14:02;HLA-C*07:01;HLA-C*08:03
KALS1,HLA-A*24:02;HLA-A*26:01;HLA-B*51:01;HLA-C*01:02;HLA-C*15:02
KARPAS1106P,HLA-A*03:01;HLA-A*24:02;HLA-B*35:01;HLA-B*51:01;HLA-C*04:01;HLA-C*16:02
KARPAS299,HLA-A*03:01;HLA-A*11:01;HLA-B*07:02;HLA-B*35:01;HLA-C*04:01;HLA-C*07:02
KARPAS422,HLA-A*02:01;HLA-A*03:01;HLA-B*07:02;HLA-B*27:05;HLA-C*04:01;HLA-C*07:02
KARPAS620,HLA-A*02:01;HLA-B*44:02;HLA-C*05:01
KASUMI1,HLA-A*26:01;HLA-B*40:06;HLA-C*03:03;HLA-C*08:01
KASUMI2,HLA-A*24:02;HLA-A*26:02;HLA-B*40:06;HLA-B*54:01;HLA-C*01:02;HLA-C*08:01
KATOIII,HLA-A*02:07;HLA-B*15:01;HLA-B*46:01;HLA-C*01:02;HLA-C*03:03
KCIMOH1,HLA-A*03:01;HLA-B*14:02;HLA-C*08:02
KCL22,HLA-A*24:02;HLA-A*26:03;HLA-B*15:01;HLA-B*40:06;HLA-C*03:03
KE37,HLA-A*11:01;HLA-A*30:01;HLA-B*35:01;HLA-B*44:02;HLA-C*04:01;HLA-C*05:01
KELLY,HLA-A*01:01;HLA-B*08:01;HLA-B*51:01;HLA-C*03:03;HLA-C*07:01
KG1,HLA-A*30:02;HLA-B*53:01;HLA-B*78:01;HLA-C*04:01;HLA-C*16:01
KHM1B,HLA-A*24:02;HLA-B*39:01;HLA-B*52:01;HLA-C*07:02;HLA-C*12:02
KLE,HLA-A*02:01;HLA-A*24:02;HLA-B*35:02;HLA-B*50:01;HLA-C*04:01;HLA-C*06:02
KLM1,HLA-A*24:02;HLA-B*52:01;HLA-C*12:02
KM12,HLA-A*02:01;HLA-B*07:02;HLA-C*07:02
KMBC2,HLA-A*24:02;HLA-B*07:02;HLA-C*07:02
KMH2,HLA-A*11:01;HLA-A*24:02;HLA-B*15:01;HLA-B*52:01;HLA-C*04:01;HLA-C*12:02
KMM1,HLA-A*02:01;HLA-A*24:02;HLA-B*40:02;HLA-B*52:01;HLA-C*03:04;HLA-C*12:02
KMRC1,HLA-A*02:19;HLA-A*24:02;HLA-B*54:01;HLA-C*01:02
KMRC2,HLA-A*11:01;HLA-A*24:02;HLA-B*54:01;HLA-B*59:05;HLA-C*01:02
KMRC20,HLA-A*02:01;HLA-A*24:02;HLA-B*46:01;HLA-B*51:01;HLA-C*01:03
KMRC3,HLA-A*11:01;HLA-A*24:02;HLA-B*51:01;HLA-B*55:02;HLA-C*03:03;HLA-C*14:02
KMS11,HLA-A*24:02;HLA-B*51:01;HLA-B*54:01;HLA-C*01:02;HLA-C*14:02
KMS12BM,HLA-A*26:01;HLA-A*33:03;HLA-B*35:01;HLA-B*44:03;HLA-C*03:03;HLA-C*14:03
KMS12PE,HLA-A*26:01;HLA-A*33:03;HLA-B*35:01;HLA-B*44:03;HLA-C*03:03;HLA-C*14:03
KMS20,HLA-A*11:01;HLA-A*26:01;HLA-B*40:01;HLA-B*67:01;HLA-C*07:02
KMS21BM,HLA-A*24:02;HLA-B*40:01;HLA-C*01:02;HLA-C*03:04
KMS26,HLA-A*02:01;HLA-A*31:01;HLA-B*40:02;HLA-B*51:01;HLA-C*03:04;HLA-C*14:02
KMS27,HLA-A*02:01;HLA-A*26:01;HLA-B*40:03;HLA-C*03:04
KMS28BM,HLA-A*24:02;HLA-B*40:02;HLA-B*52:01;HLA-C*03:04;HLA-C*12:02
KMS28PE,HLA-A*24:02;HLA-B*40:02;HLA-B*52:01;HLA-C*03:04;HLA-C*12:02
KMS34,HLA-A*24:02;HLA-B*52:01;HLA-C*12:02
KNS42,HLA-A*24:02;HLA-A*26:01;HLA-B*07:02;HLA-B*54:01;HLA-C*01:02;HLA-C*07:02
KNS60,HLA-A*24:02;HLA-B*52:01;HLA-B*54:01;HLA-C*01:02;HLA-C*12:02
KNS62,HLA-A*26:01;HLA-B*15:01;HLA-B*46:01;HLA-C*01:02
KOPN8,HLA-A*33:03;HLA-B*44:03;HLA-C*14:03
KP2,HLA-A*24:02;HLA-A*26:03;HLA-B*15:01;HLA-B*52:01;HLA-C*03:03;HLA-C*12:02
KP3,HLA-A*24:02;HLA-B*35:01;HLA-C*08:01
KP4,HLA-A*02:06;HLA-A*24:02;HLA-B*48:01;HLA-B*51:01;HLA-C*08:03;HLA-C*14:02
KPL1,HLA-A*02:01;HLA-B*18:01;HLA-B*44:02;HLA-C*05:01
KPL4,HLA-A*24:17;HLA-A*26:09;HLA-B*15:01;HLA-C*03:03
KPNRTBM1,HLA-A*24:02;HLA-A*31:01;HLA-B*35:03;HLA-B*56:01;HLA-C*01:02;HLA-C*03:03
KPNYN,HLA-A*24:02;HLA-A*26:02;HLA-B*40:02;HLA-B*52:01;HLA-C*03:04;HLA-C*07:41
KS1,HLA-A*02:06;HLA-A*24:02;HLA-B*39:01;HLA-B*54:01;HLA-C*01:03;HLA-C*07:02
KU1919,HLA-A*31:01;HLA-A*33:03;HLA-B*15:01;HLA-B*37:01;HLA-C*03:03;HLA-C*06:02
KU812,HLA-A*24:02;HLA-A*26:01;HLA-B*40:02;HLA-C*03:04;HLA-C*04:01
KURAMOCHI,HLA-A*26:02;HLA-B*40:06;HLA-C*08:01
KYM1,HLA-A*11:01;HLA-A*26:01;HLA-B*35:01;HLA-B*40:02;HLA-C*03:04
KYO1,HLA-A*24:02;HLA-B*54:01;HLA-C*01:02
KYSE140,HLA-A*02:07;HLA-A*26:02;HLA-B*40:06;HLA-B*46:01;HLA-C*01:02;HLA-C*08:01
KYSE180,HLA-A*03:02;HLA-A*24:02;HLA-B*13:02;HLA-B*59:01;HLA-C*01:02;HLA-C*06:02
KYSE270,HLA-A*11:01;HLA-B*13:01;HLA-C*03:04
KYSE30,HLA-A*02:06;HLA-A*24:02;HLA-B*15:58;HLA-B*54:01;HLA-C*04:01;HLA-C*08:03
KYSE450,HLA-A*24:02;HLA-B*52:01;HLA-C*12:02
KYSE510,HLA-A*33:03;HLA-B*35:01;HLA-B*44:03;HLA-C*14:03
KYSE520,HLA-A*24:20;HLA-B*54:01;HLA-C*01:02
KYSE70,HLA-A*26:01;HLA-B*08:01;HLA-B*56:01;HLA-C*01:02
L1236,HLA-A*02:01;HLA-B*51:01;HLA-C*02:02
L33,HLA-A*24:07;HLA-B*35:05;HLA-C*04:01
L363,HLA-A*02:01;HLA-A*31:01;HLA-B*07:02;HLA-B*40:01;HLA-C*03:04;HLA-C*07:02
L428,HLA-A*03:01;HLA-B*35:03;HLA-C*04:01
L540,HLA-A*03:01;HLA-A*11:01;HLA-B*51:01;HLA-C*02:02;HLA-C*15:02
LC1F,HLA-A*11:01;HLA-A*24:02;HLA-B*39:01;HLA-B*46:01;HLA-C*04:01;HLA-C*07:02
LCLC103H,HLA-A*03:01;HLA-B*07:02;HLA-C*07:02
LCLC97TM1,HLA-A*02:19;HLA-A*24:02;HLA-B*15:01;HLA-B*18:01;HLA-C*03:03;HLA-C*12:03
LK2,HLA-A*11:01;HLA-B*51:01;HLA-C*15:02
LMSU,HLA-A*02:06;HLA-A*24:02;HLA-B*13:01;HLA-B*52:01;HLA-C*03:04;HLA-C*12:02
LN18,HLA-A*02:01;HLA-A*24:02;HLA-B*35:03;HLA-B*51:01;HLA-C*04:01;HLA-C*14:02
LN229,HLA-A*03:01;HLA-B*35:01;HLA-C*04:01
LNCAP,HLA-A*01:01;HLA-A*02:01;HLA-B*08:01;HLA-B*37:04;HLA-C*06:02;HLA-C*07:01
LOUNH91,HLA-A*02:01;HLA-B*15:01;HLA-C*03:03
LOXIMVI,HLA-A*11:01;HLA-A*29:02;HLA-B*07:02;HLA-B*44:03;HLA-C*07:02;HLA-C*16:01
LP1,HLA-A*26:01;HLA-A*30:01;HLA-B*18:01;HLA-B*35:03;HLA-C*04:01;HLA-C*07:01
LS1034,HLA-A*02:01;HLA-A*26:01;HLA-B*08:01;HLA-B*27:05;HLA-C*02:02;HLA-C*07:06
LS123,HLA-A*03:01;HLA-A*24:02;HLA-B*07:02;HLA-C*07:02
LS174T,HLA-A*30:01;HLA-B*15:50;HLA-B*35:114;HLA-C*04:01;HLA-C*06:02
LS180,HLA-A*30:01;HLA-B*07:12;HLA-B*15:50;HLA-C*04:01;HLA-C*06:02
LS411N,HLA-A*02:40;HLA-A*30:01;HLA-B*18:01;HLA-B*56:01;HLA-C*01:02;HLA-C*07:06
LU65,HLA-A*24:02;HLA-B*15:01;HLA-B*52:01;HLA-C*12:02
LU99,HLA-A*24:02;HLA-B*52:01;HLA-B*54:01;HLA-C*01:02
LUDLU1,HLA-A*02:01;HLA-A*03:01;HLA-B*15:01;HLA-B*18:01;HLA-C*05:01;HLA-C*07:02
LXF289,HLA-A*32:01;HLA-B*38:01;HLA-C*12:03
LXFL529,HLA-A*01:01;HLA-B*14:02;HLA-B*37:01;HLA-C*06:02
LoVo,HLA-A*01:01;HLA-A*32:01;HLA-B*27:08;HLA-B*57:01;HLA-C*06:02
M059J,HLA-A*01:01;HLA-A*02:01;HLA-B*08:01;HLA-B*40:01;HLA-C*03:04;HLA-C*07:01
M059K,HLA-A*01:01;HLA-A*02:01;HLA-B*08:01;HLA-B*40:01;HLA-C*03:04;HLA-C*07:01
MC116,HLA-A*01:01;HLA-A*03:01;HLA-B*08:01;HLA-B*35:01;HLA-C*04:01;HLA-C*07:01
MCAS,HLA-A*02:06;HLA-A*24:02;HLA-B*40:02;HLA-B*46:01;HLA-C*01:02;HLA-C*03:05
MCF10A,HLA-A*01:01;HLA-A*33:01;HLA-B*40:01;HLA-B*55:01;HLA-C*03:03;HLA-C*07:02
MCF7,HLA-A*02:01;HLA-B*18:01;HLA-B*35:01;HLA-C*05:01
MDAMB134VI,HLA-A*11:01;HLA-A*24:02;HLA-B*35:01;HLA-B*40:01;HLA-C*03:04;HLA-C*04:01
MDAMB157,HLA-A*02:01;HLA-A*30:01;HLA-B*53:01;HLA-C*04:01;HLA-C*06:02
MDAMB175VII,HLA-A*24:02;HLA-A*68:02;HLA-B*08:01;HLA-B*53:01;HLA-C*04:01;HLA-C*07:01
MDAMB231,HLA-A*02:17;HLA-B*40:02;HLA-B*41:01;HLA-C*02:02;HLA-C*17:01
MDAMB361,HLA-A*01:01;HLA-A*24:02;HLA-B*39:06;HLA-B*51:08;HLA-C*07:02;HLA-C*16:02
MDAMB415,HLA-A*30:02;HLA-A*33:01;HLA-B*14:02;HLA-B*18:01;HLA-C*05:01
MDAMB435,HLA-A*24:02;HLA-B*15:01;HLA-C*03:03
MDAMB435S,HLA-A*24:02;HLA-B*15:01;HLA-C*03:03
MDAMB436,HLA-A*01:01;HLA-B*08:01;HLA-C*07:01
MDAMB453,HLA-A*01:01;HLA-A*24:02;HLA-B*37:04;HLA-B*58:05;HLA-C*07:01
MDAMB468,HLA-A*23:01;HLA-A*30:02;HLA-B*27:03;HLA-B*53:01;HLA-C*02:02;HLA-C*04:01
MDST8,HLA-A*02:01;HLA-A*24:02;HLA-B*07:02;HLA-B*27:05;HLA-C*01:02;HLA-C*07:02
ME1,HLA-A*24:02;HLA-A*26:01;HLA-B*35:01;HLA-B*51:01;HLA-C*01:02;HLA-C*14:02
ME180,HLA-A*01:01;HLA-A*32:03;HLA-B*08:01;HLA-B*44:02;HLA-C*05:01;HLA-C*07:01
MELHO,HLA-A*03:01;HLA-B*07:02;HLA-B*14:02;HLA-C*07:02;HLA-C*08:02
MELJUSO,HLA-A*01:01;HLA-B*08:01;HLA-C*07:01
MFE280,HLA-A*02:01;HLA-A*31:01;HLA-B*07:02;HLA-B*51:01;HLA-C*07:02;HLA-C*12:03
MFE296,HLA-A*32:01;HLA-B*08:01;HLA-B*40:02;HLA-C*07:01;HLA-C*15:02
MFE319,HLA-A*01:01;HLA-B*07:02;HLA-B*08:01;HLA-C*07:01
MFM223,
MG63,HLA-A*01:01;HLA-B*08:01;HLA-B*35:08;HLA-C*07:01
MHHCALL2,HLA-A*03:01;HLA-B*07:02;HLA-C*07:02
MHHCALL3,HLA-A*02:01;HLA-A*29:02;HLA-B*44:02;HLA-C*05:01;HLA-C*16:01
MHHCALL4,HLA-A*03:01;HLA-A*24:02;HLA-B*07:02;HLA-B*37:01;HLA-C*07:02
MHHES1,HLA-A*01:01;HLA-A*68:01;HLA-B*40:01;HLA-B*49:01;HLA-C*01:02;HLA-C*07:01
MHHNB11,HLA-A*02:01;HLA-A*03:01;HLA-B*40:16;HLA-C*07:01
MHHPREB1,HLA-A*02:01;HLA-B*35:03;HLA-C*04:01
MJ,HLA-A*01:01;HLA-B*08:01;HLA-B*27:05;HLA-C*07:01;HLA-C*15:02
MKN1,HLA-A*24:02;HLA-A*26:02;HLA-B*40:01;HLA-C*03:04
MKN45,HLA-A*24:02;HLA-B*52:01;HLA-B*67:02;HLA-C*12:02
MKN7,HLA-A*24:02;HLA-B*07:02;HLA-B*48:01;HLA-C*04:01;HLA-C*08:03
MKN74,HLA-A*31:01;HLA-B*51:01;HLA-C*03:04
ML1,HLA-A*68:01;HLA-B*07:02;HLA-C*07:02
ML2,HLA-A*02:01;HLA-B*44:02;HLA-B*51:01;HLA-C*05:01;HLA-C*14:02
MM1S,HLA-A*23:01;HLA-A*24:02;HLA-B*18:01;HLA-B*42:01;HLA-C*12:03;HLA-C*17:01
MOLM16,HLA-A*24:02;HLA-B*52:01;HLA-B*67:02;HLA-C*12:02
MOLM6,HLA-A*24:02;HLA-B*40:01;HLA-B*52:01;HLA-C*03:04
MOLP2,HLA-A*02:01;HLA-A*31:01;HLA-B*07:02;HLA-B*56:01;HLA-C*04:01;HLA-C*07:02
MOLP8,HLA-A*03:02;HLA-A*24:02;HLA-B*13:02;HLA-B*52:01;HLA-C*06:02;HLA-C*12:02
MOLT13,HLA-A*11:01;HLA-A*69:01;HLA-B*49:01;HLA-B*55:01;HLA-C*03:03;HLA-C*07:06
MOLT16,HLA-A*23:01;HLA-A*30:02;HLA-B*14:02;HLA-C*08:02
MONOMAC1,HLA-A*03:01;HLA-B*07:02;HLA-B*51:01;HLA-C*07:02;HLA-C*15:02
MONOMAC6,HLA-A*03:01;HLA-B*07:02;HLA-B*51:01;HLA-C*07:02;HLA-C*15:02
MOR,HLA-A*02:01;HLA-B*08:01;HLA-B*44:02;HLA-C*05:01;HLA-C*07:01
MPP89,HLA-A*01:01;HLA-A*02:01;HLA-B*51:08;HLA-B*57:01;HLA-C*06:02
MS751,HLA-A*02:01;HLA-A*24:02;HLA-B*35:03;HLA-B*40:01;HLA-C*03:04;HLA-C*12:03
MSTO211H,HLA-A*01:01;HLA-A*03:01;HLA-B*07:02;HLA-B*39:01;HLA-C*07:02
MT3,HLA-A*02:01;HLA-B*07:17;HLA-B*15:50;HLA-C*04:01;HLA-C*06:02
MUTZ3,HLA-A*02:01;HLA-A*03:01;HLA-B*44:02;HLA-C*04:01
MUTZ5,HLA-A*30:01;HLA-B*13:02;HLA-C*06:02
MV411,HLA-A*03:01;HLA-A*68:01;HLA-B*14:02;HLA-B*18:01;HLA-C*08:02;HLA-C*15:02
MX1,HLA-A*11:01;HLA-A*74:01;HLA-B*15:03;HLA-B*35:01;HLA-C*02:02;HLA-C*04:01
MeWo,HLA-A*02:01;HLA-A*26:01;HLA-B*14:02;HLA-B*67:02;HLA-C*12:03
NALM1,HLA-A*02:01;HLA-A*33:03;HLA-B*52:01;HLA-B*53:01;HLA-C*16:01
NALM19,HLA-A*11:01;HLA-A*33:03;HLA-B*40:06;HLA-B*54:01;HLA-C*01:02;HLA-C*15:02
NALM6,HLA-A*01:01;HLA-A*02:01;HLA-B*08:01;HLA-B*15:01;HLA-C*04:01;HLA-C*07:01
NAMALWA,HLA-A*03:01;HLA-A*68:02;HLA-B*07:02;HLA-B*49:01;HLA-C*04:01;HLA-C*07:01
NB4,HLA-A*11:01;HLA-B*35:01;HLA-B*40:01;HLA-C*03:04;HLA-C*04:01
NCIH1048,HLA-A*23:01;HLA-A*68:02;HLA-B*53:01;HLA-C*04:01;HLA-C*06:02
NCIH1092,HLA-A*01:01;HLA-A*03:01;HLA-B*07:05;HLA-B*08:01;HLA-C*07:01
NCIH1105,HLA-A*02:01;HLA-A*68:01;HLA-B*37:09;HLA-B*50:01;HLA-C*07:04
NCIH1155,HLA-A*03:01;HLA-B*47:01;HLA-C*06:02
NCIH1184,HLA-A*03:01;HLA-A*68:02;HLA-B*07:02;HLA-C*04:01;HLA-C*08:02
NCIH1299,HLA-A*24:02;HLA-A*32:01;HLA-B*40:02;HLA-C*02:02
NCIH1341,HLA-A*25:01;HLA-A*31:01;HLA-B*18:01;HLA-B*44:02;HLA-C*05:01;HLA-C*12:03
NCIH1355,HLA-A*02:01;HLA-B*35:08;HLA-B*50:01;HLA-C*04:01;HLA-C*06:02
NCIH1373,HLA-A*68:02;HLA-B*15:10;HLA-B*53:01;HLA-C*03:04;HLA-C*04:01
NCIH1385,HLA-A*03:01;HLA-A*34:02;HLA-B*58:02;HLA-C*06:02
NCIH1395,HLA-A*01:01;HLA-A*02:01;HLA-B*15:01;HLA-B*40:01;HLA-C*03:03;HLA-C*04:01
NCIH1435,HLA-A*01:01;HLA-B*08:01;HLA-B*37:04;HLA-C*07:01
NCIH1436,HLA-A*02:01;HLA-A*11:01;HLA-B*07:02;HLA-B*18:01;HLA-C*12:03
NCIH1437,HLA-A*03:01;HLA-B*07:02;HLA-C*07:02
NCIH146,HLA-A*01:01;HLA-A*03:01;HLA-B*14:02;HLA-C*08:02;HLA-C*16:01
NCIH1563,HLA-A*02:01;HLA-A*24:02;HLA-B*35:02;HLA-B*51:01;HLA-C*04:01;HLA-C*15:02
NCIH1568,HLA-A*03:01;HLA-A*32:01;HLA-B*07:02;HLA-B*08:01;HLA-C*07:01
NCIH1573,HLA-A*30:01;HLA-B*14:02;HLA-C*08:02
NCIH1581,HLA-A*02:01;HLA-A*26:01;HLA-B*38:01;HLA-B*44:02;HLA-C*05:01;HLA-C*12:03
NCIH1618,HLA-A*01:01;HLA-A*03:01;HLA-B*07:02;HLA-B*58:05;HLA-C*07:01
NCIH1623,HLA-A*01:01;HLA-A*11:01;HLA-B*40:01;HLA-B*51:01;HLA-C*03:04;HLA-C*05:01
NCIH1648,HLA-A*11:01;HLA-A*34:02;HLA-B*07:02;HLA-B*53:01;HLA-C*04:01;HLA-C*07:02
NCIH1650,HLA-A*02:01;HLA-B*15:18;HLA-C*07:04
NCIH1651,HLA-A*03:01;HLA-A*24:02;HLA-B*07:02;HLA-B*08:01;HLA-C*07:01
NCIH1666,HLA-A*01:01;HLA-A*02:01;HLA-B*44:02;HLA-B*67:02;HLA-C*07:04;HLA-C*12:03
NCIH1693,HLA-A*03:01;HLA-B*07:02;HLA-B*44:02;HLA-C*07:04
NCIH1694,HLA-A*02:05;HLA-A*23:01;HLA-B*50:01;HLA-C*06:02
NCIH1703,HLA-A*01:01;HLA-A*02:01;HLA-B*07:02;HLA-B*08:01;HLA-C*07:06
NCIH1734,HLA-A*02:01;HLA-B*40:01;HLA-B*44:02;HLA-C*03:04;HLA-C*16:04
NCIH1755,HLA-A*02:01;HLA-B*40:01;HLA-B*44:02;HLA-C*03:04;HLA-C*05:01
NCIH1781,HLA-A*03:01;HLA-A*31:01;HLA-B*07:02;HLA-B*55:01;HLA-C*01:02;HLA-C*07:02
NCIH1792,HLA-A*02:01;HLA-A*26:08;HLA-B*08:01;HLA-B*15:01;HLA-C*04:01;HLA-C*07:01
NCIH1793,HLA-A*01:01;HLA-A*30:01;HLA-B*15:141;HLA-B*35:08;HLA-C*06:02;HLA-C*07:02
NCIH1838,HLA-A*26:01;HLA-B*40:01;HLA-B*45:01;HLA-C*06:02
NCIH1869,HLA-A*03:01;HLA-A*11:01;HLA-B*07:02;HLA-B*18:01;HLA-C*07:01
NCIH187,HLA-A*03:01;HLA-A*24:02;HLA-B*07:02;HLA-B*37:04;HLA-C*07:02
NCIH1876,HLA-A*02:01;HLA-A*03:01;HLA-B*07:02;HLA-B*35:01;HLA-C*04:01;HLA-C*07:02
NCIH1882,HLA-A*02:01;HLA-A*03:01;HLA-B*07:02;HLA-B*35:01;HLA-C*04:01;HLA-C*07:02
NCIH1915,HLA-A*24:02;HLA-B*14:02;HLA-C*02:02
NCIH1930,HLA-A*02:01;HLA-A*29:02;HLA-B*15:27;HLA-B*44:03;HLA-C*03:03;HLA-C*16:01
NCIH1944,HLA-A*03:01;HLA-A*24:03;HLA-B*15:18;HLA-B*51:01;HLA-C*07:04
NCIH196,HLA-A*29:01;HLA-A*33:03;HLA-B*07:05;HLA-B*50:01;HLA-C*06:02;HLA-C*15:05
NCIH1963,HLA-A*02:01;HLA-A*32:01;HLA-B*07:02;HLA-B*44:18;HLA-C*07:01;HLA-C*08:02
NCIH1975,HLA-A*01:01;HLA-B*41:01;HLA-C*17:01
NCIH2009,HLA-A*03:01;HLA-B*07:02;HLA-C*07:02
NCIH2023,HLA-A*02:01;HLA-B*07:02;HLA-B*08:01;HLA-C*07:06
NCIH2029,HLA-A*02:01;HLA-A*11:01;HLA-B*07:02;HLA-B*35:08;HLA-C*07:02
NCIH2030,HLA-A*11:01;HLA-A*24:02;HLA-B*44:03;HLA-B*51:01;HLA-C*01:02;HLA-C*04:01
NCIH2052,HLA-A*25:01;HLA-A*29:02;HLA-B*18:01;HLA-B*44:03;HLA-C*16:01
NCIH2066,HLA-A*03:01;HLA-B*08:20;HLA-B*42:02;HLA-C*01:02;HLA-C*17:01
NCIH2073,HLA-A*02:01;HLA-A*25:01;HLA-B*18:01;HLA-B*40:01;HLA-C*03:04;HLA-C*12:03
NCIH2081,HLA-A*24:02;HLA-A*68:01;HLA-B*08:01;HLA-B*35:08;HLA-C*07:04
NCIH2087,HLA-A*02:01;HLA-B*44:03;HLA-C*16:01
NCIH209,HLA-A*34:02;HLA-B*07:04;HLA-B*14:01;HLA-C*03:07;HLA-C*08:02
NCIH2106,HLA-A*32:01;HLA-B*15:01;HLA-C*03:03
NCIH211,HLA-A*02:01;HLA-B*07:06;HLA-B*51:01;HLA-C*07:01
NCIH2110,HLA-A*30:01;HLA-B*42:02;HLA-B*57:01;HLA-C*08:02
NCIH2122,HLA-A*01:01;HLA-A*03:01;HLA-B*07:02;HLA-B*08:01;HLA-C*07:01
NCIH2126,HLA-A*02:05;HLA-A*03:01;HLA-B*08:20;HLA-B*15:01;HLA-C*01:02;HLA-C*04:01
NCIH2135,HLA-A*03:01;HLA-B*41:01;HLA-C*17:01
NCIH2170,HLA-A*03:01;HLA-A*68:01;HLA-B*07:02;HLA-B*51:01;HLA-C*03:04;HLA-C*14:02
NCIH2171,HLA-A*23:01;HLA-A*66:01;HLA-B*41:02;HLA-B*48:03;HLA-C*05:01;HLA-C*17:01
NCIH2172,HLA-A*30:02;HLA-B*08:01;HLA-B*35:08;HLA-C*07:01
NCIH2196,HLA-A*01:01;HLA-A*02:24;HLA-B*07:02;HLA-B*08:01;HLA-C*07:01
NCIH2198,HLA-A*01:01;HLA-A*02:24;HLA-B*07:02;HLA-B*08:01;HLA-C*07:01
NCIH2227,HLA-A*01:01;HLA-B*08:01;HLA-B*51:01;HLA-C*07:01;HLA-C*15:02
NCIH2228,HLA-A*02:01;HLA-A*03:01;HLA-B*07:02;HLA-B*38:01;HLA-C*07:02;HLA-C*12:03
NCIH226,HLA-A*01:01;HLA-A*24:02;HLA-B*07:02;HLA-B*39:01;HLA-C*07:02;HLA-C*12:03
NCIH2286,HLA-A*02:01;HLA-A*24:21;HLA-B*51:01;HLA-C*15:02
NCIH2291,HLA-A*03:01;HLA-B*07:02;HLA-C*07:02
NCIH23,HLA-A*80:01;HLA-B*50:01;HLA-C*06:02
NCIH2347,HLA-A*01:01;HLA-A*02:01;HLA-B*15:01;HLA-C*03:04
NCIH2369,HLA-A*24:02;HLA-A*68:01;HLA-B*08:01;HLA-B*37:01;HLA-C*06:02;HLA-C*07:01
NCIH2373,HLA-A*02:01;HLA-A*30:01;HLA-B*41:01;HLA-B*55:01;HLA-C*03:03;HLA-C*17:01
NCIH2405,HLA-A*02:01;HLA-A*32:01;HLA-B*14:02;HLA-B*51:01;HLA-C*08:02;HLA-C*15:02
NCIH2444,HLA-A*03:01;HLA-B*07:02;HLA-C*07:02
NCIH2452,HLA-A*01:01;HLA-A*02:01;HLA-B*35:01;HLA-B*57:01;HLA-C*04:01;HLA-C*06:02
NCIH2461,HLA-A*01:01;HLA-A*02:01;HLA-B*08:01;HLA-B*44:02;HLA-C*05:01;HLA-C*07:01
NCIH2595,HLA-A*02:01;HLA-A*29:02;HLA-B*35:01;HLA-B*44:03;HLA-C*04:01;HLA-C*16:01
NCIH2596,HLA-A*01:01;HLA-A*30:02;HLA-B*27:05;HLA-B*49:01;HLA-C*02:02;HLA-C*07:06
NCIH2722,HLA-A*24:02;HLA-A*32:03;HLA-B*15:01;HLA-B*35:04;HLA-C*03:03;HLA-C*04:01
NCIH2795,HLA-A*24:02;HLA-A*68:01;HLA-B*35:01;HLA-B*40:01;HLA-C*03:04;HLA-C*04:01
NCIH28,HLA-A*02:02;HLA-A*68:01;HLA-B*35:118;HLA-B*53:02;HLA-C*04:01;HLA-C*06:02
NCIH2803,HLA-A*68:01;HLA-B*35:01;HLA-B*51:01;HLA-C*04:04;HLA-C*15:02
NCIH2804,HLA-A*02:01;HLA-A*03:01;HLA-B*35:01;HLA-B*51:01;HLA-C*04:01;HLA-C*14:02
NCIH2810,HLA-A*02:05;HLA-A*24:02;HLA-B*35:02;HLA-B*50:01;HLA-C*04:01;HLA-C*06:02
NCIH292,HLA-A*68:02;HLA-A*74:01;HLA-B*15:17;HLA-B*58:01;HLA-C*05:01;HLA-C*07:01
NCIH322T,HLA-A*29:02;HLA-B*44:03;HLA-C*16:01
NCIH3255,HLA-A*01:01;HLA-A*03:01;HLA-B*37:01;HLA-B*41:01;HLA-C*06:02
NCIH345,HLA-A*02:01;HLA-A*23:01;HLA-B*07:55;HLA-B*58:05;HLA-C*02:02;HLA-C*07:01
NCIH358,HLA-A*03:01;HLA-B*15:01;HLA-B*35:01;HLA-C*03:04;HLA-C*04:01
NCIH441,HLA-A*02:01;HLA-A*03:01;HLA-B*38:01;HLA-B*44:03;HLA-C*16:02
NCIH446,HLA-A*03:01;HLA-B*07:02;HLA-B*51:01;HLA-C*03:04
NCIH460,HLA-A*24:02;HLA-A*68:01;HLA-B*35:01;HLA-B*51:01;HLA-C*03:03;HLA-C*15:02
NCIH508,HLA-A*01:01;HLA-A*02:01;HLA-B*08:01;HLA-B*51:01;HLA-C*07:01;HLA-C*14:02
NCIH510,HLA-A*01:01;HLA-B*07:02;HLA-B*58:05;HLA-C*07:01
NCIH510A,HLA-A*01:01;HLA-B*37:04;HLA-B*58:05;HLA-C*07:01
NCIH520,HLA-A*11:01;HLA-B*15:18;HLA-C*07:04
NCIH522,HLA-A*02:01;HLA-A*24:18;HLA-B*44:02;HLA-B*55:01;HLA-C*03:03;HLA-C*05:01
NCIH524,HLA-A*01:01;HLA-B*08:01;HLA-B*39:09;HLA-C*07:01
NCIH526,HLA-A*03:01;HLA-A*24:02;HLA-B*07:02;HLA-C*07:02
NCIH596,HLA-A*03:01;HLA-B*08:01;HLA-C*07:06
NCIH647,HLA-A*25:01;HLA-B*27:05;HLA-B*58:01;HLA-C*01:03;HLA-C*07:01
NCIH650,HLA-A*24:02;HLA-B*07:02;HLA-C*07:02
NCIH660,HLA-A*01:01;HLA-A*68:01;HLA-B*44:02;HLA-B*57:01;HLA-C*07:04
NCIH661,HLA-A*02:01;HLA-A*24:02;HLA-B*08:01;HLA-C*07:01
NCIH684,HLA-A*03:01;HLA-B*39:01;HLA-B*44:02;HLA-C*05:01;HLA-C*12:03
NCIH69,HLA-A*02:01;HLA-A*23:01;HLA-B*42:02;HLA-B*58:05;HLA-C*07:01;HLA-C*14:02
NCIH716,HLA-A*01:01;HLA-B*08:01;HLA-C*07:01
NCIH727,HLA-A*32:01;HLA-B*38:01;HLA-B*67:02;HLA-C*12:03
NCIH747,HLA-A*26:01;HLA-B*38:01;HLA-C*12:03
NCIH810,HLA-A*11:01;HLA-B*49:01;HLA-B*58:05;HLA-C*07:01
NCIH820,HLA-A*01:01;HLA-B*08:01;HLA-C*07:06
NCIH838,HLA-A*30:02;HLA-B*48:01;HLA-B*56:03;HLA-C*05:01
NCIH847,HLA-A*03:01;HLA-A*23:01;HLA-B*07:02;HLA-B*44:03;HLA-C*04:01;HLA-C*07:02
NCIH854,HLA-A*29:02;HLA-B*07:17;HLA-B*44:03;HLA-C*16:01
NCIH889,HLA-A*02:01;HLA-B*07:02;HLA-B*08:01;HLA-C*07:01
NCIH920,HLA-A*03:01;HLA-A*24:02;HLA-B*27:05;HLA-B*35:01;HLA-C*02:02;HLA-C*04:01
NCIH929,HLA-A*03:01;HLA-A*24:02;HLA-B*07:02;HLA-B*18:01;HLA-C*07:02
NCIN417,HLA-A*23:01;HLA-A*26:01;HLA-B*08:01;HLA-C*07:01
NCIN87,HLA-A*23:01;HLA-B*07:02;HLA-B*37:01;HLA-C*02:02
NCO2,HLA-A*24:02;HLA-B*15:01;HLA-B*52:01;HLA-C*01:21
NH6,HLA-A*02:06;HLA-A*24:02;HLA-B*07:02;HLA-B*35:08;HLA-C*03:03;HLA-C*07:02
NIHOVCAR3,HLA-A*02:01;HLA-A*29:02;HLA-B*07:02;HLA-B*58:01;HLA-C*07:02
NTERA2,HLA-A*01:01;HLA-B*08:01;HLA-B*37:04;HLA-C*07:01
NUDHL1,HLA-A*01:01;HLA-A*24:02;HLA-B*08:01;HLA-B*15:07;HLA-C*03:03;HLA-C*07:01
NUDUL1,HLA-A*24:02;HLA-B*49:01;HLA-C*07:01
NUGC2,HLA-A*02:07;HLA-A*24:02;HLA-B*46:01;HLA-B*55:02;HLA-C*01:02;HLA-C*08:01
NUGC3,HLA-A*24:02;HLA-B*52:01;HLA-C*12:02
NUGC4,HLA-A*02:01;HLA-A*24:02;HLA-B*46:01;HLA-B*51:02;HLA-C*01:02;HLA-C*15:02
OAW28,HLA-A*01:01;HLA-B*08:01;HLA-C*07:01
OAW42,HLA-A*03:01;HLA-B*07:02;HLA-B*18:01;HLA-C*05:01;HLA-C*07:02
OCIAML2,HLA-A*02:01;HLA-B*15:01;HLA-B*18:01;HLA-C*03:03;HLA-C*07:01
OCIAML3,HLA-A*02:01;HLA-A*23:01;HLA-B*44:02;HLA-B*53:01;HLA-C*04:01;HLA-C*05:01
OCIAML5,HLA-A*11:01;HLA-A*32:01;HLA-B*51:01;HLA-B*57:01;HLA-C*07:01;HLA-C*14:02
OCILY10,HLA-A*02:01;HLA-A*24:02;HLA-B*40:02;HLA-C*03:04
OCILY19,HLA-A*03:01;HLA-B*56:01;HLA-C*07:02
OCILY3,HLA-A*01:01;HLA-A*03:01;HLA-B*08:01;HLA-C*07:01
OCILY7,
OCIM1,HLA-A*02:01;HLA-A*03:01;HLA-B*14:02;HLA-B*15:03;HLA-C*02:02;HLA-C*08:02
OCIM2,HLA-A*02:01;HLA-B*08:01;HLA-B*44:02;HLA-C*05:01;HLA-C*07:06
OCUM1,HLA-A*24:02;HLA-A*31:01;HLA-B*07:02;HLA-B*52:01;HLA-C*07:02;HLA-C*12:02
OE19,HLA-A*02:01;HLA-B*07:17;HLA-B*51:01;HLA-C*16:01
OE21,HLA-A*02:01;HLA-B*51:01;HLA-C*15:02
OE33,HLA-A*01:01;HLA-B*08:01;HLA-C*07:06
ONCODG1,HLA-A*02:01;HLA-A*29:02;HLA-B*07:02;HLA-B*58:01;HLA-C*07:02
ONS76,HLA-A*24:02;HLA-A*26:03;HLA-B*54:01;HLA-C*01:02;HLA-C*03:03
OPM2,HLA-A*24:02;HLA-B*07:02;HLA-B*15:27;HLA-C*04:01;HLA-C*07:02
OSRC2,HLA-A*24:02;HLA-B*52:01;HLA-C*12:02
OUMS23,HLA-A*02:06;HLA-A*24:02;HLA-B*52:01;HLA-B*67:02;HLA-C*03:03;HLA-C*12:02
OV56,HLA-A*02:01;HLA-B*27:05;HLA-B*44:02;HLA-C*01:02;HLA-C*05:01
OV7,HLA-A*01:01;HLA-A*02:01;HLA-B*35:01;HLA-B*38:01;HLA-C*04:01;HLA-C*12:03
OV90,HLA-A*02:05;HLA-B*15:05;HLA-B*50:01;HLA-C*06:02;HLA-C*07:01
OVCA420,HLA-A*30:01;HLA-B*42:01;HLA-B*48:17;HLA-C*04:01;HLA-C*17:01
OVCAR4,HLA-A*01:01;HLA-A*32:03;HLA-B*08:01;HLA-B*40:02;HLA-C*07:01;HLA-C*15:02
OVCAR433,HLA-A*01:01;HLA-A*26:01;HLA-B*15:17;HLA-B*39:01;HLA-C*07:01;HLA-C*12:03
OVCAR5,HLA-A*01:01;HLA-A*02:01;HLA-B*08:01;HLA-B*44:02;HLA-C*05:01;HLA-C*07:01
OVCAR8,HLA-A*01:01;HLA-A*25:01;HLA-B*57:01;HLA-C*06:02
OVISE,HLA-A*26:01;HLA-A*31:01;HLA-B*40:02;HLA-B*51:01;HLA-C*03:04;HLA-C*14:02
OVK18,HLA-A*24:02;HLA-B*15:01;HLA-B*54:01;HLA-C*01:02;HLA-C*04:01
OVKATE,HLA-A*26:01;HLA-B*07:02;HLA-C*07:02
OVMANA,HLA-A*24:02;HLA-B*07:02;HLA-B*54:01;HLA-C*01:02;HLA-C*07:02
OVSAHO,HLA-A*26:01;HLA-B*39:01;HLA-C*07:02
OVTOKO,HLA-A*26:01;HLA-A*33:03;HLA-B*35:01;HLA-B*44:03;HLA-C*03:03;HLA-C*14:03
Okajima,HLA-A*11:01;HLA-A*31:01;HLA-B*15:27;HLA-B*51:01;HLA-C*03:03;HLA-C*15:02
OvCA429,HLA-A*26:01;HLA-B*39:01;HLA-C*12:03
OvCA432,HLA-A*01:01;HLA-A*29:02;HLA-B*44:03;HLA-B*55:01;HLA-C*03:03;HLA-C*16:01
P12ICHIKAWA,HLA-A*02:01;HLA-A*24:02;HLA-B*52:01;HLA-B*54:01;HLA-C*01:02
P31FUJ,HLA-A*02:06;HLA-A*31:01;HLA-B*48:01;HLA-B*51:01;HLA-C*08:01;HLA-C*14:02
P3HR1,HLA-A*03:01;HLA-B*58:01;HLA-C*04:01
PA1,HLA-A*68:02;HLA-B*37:04;HLA-B*44:03;HLA-C*07:01
PANC1,HLA-A*02:01;HLA-A*11:01;HLA-B*38:01;HLA-C*12:03
PATU8902,HLA-A*02:01;HLA-B*51:01;HLA-C*15:02
PATU8988S,HLA-A*31:01;HLA-A*32:01;HLA-B*27:05;HLA-B*35:01;HLA-C*02:02;HLA-C*04:01
PATU8988T,HLA-A*31:01;HLA-A*32:01;HLA-B*27:05;HLA-B*35:01;HLA-C*02:02;HLA-C*04:01
PC14,HLA-A*02:06;HLA-A*24:02;HLA-B*39:01;HLA-B*55:01;HLA-C*03:03;HLA-C*07:02
PC3,HLA-A*01:01;HLA-A*24:02;HLA-B*13:02;HLA-B*55:01;HLA-C*01:02;HLA-C*06:02
PE01,HLA-A*03:01;HLA-B*07:02;HLA-B*37:04;HLA-C*07:02
PECAPJ15,HLA-A*03:01;HLA-A*25:01;HLA-B*18:01;HLA-B*44:03;HLA-C*12:03
PECAPJ49,HLA-A*32:01;HLA-B*40:02;HLA-C*02:02
PEER,HLA-A*23:01;HLA-A*24:02;HLA-B*35:02;HLA-B*44:03;HLA-C*04:01
PF382,HLA-A*01:01;HLA-A*11:01;HLA-B*08:01;HLA-B*44:02;HLA-C*05:01;HLA-C*07:06
PK45H,HLA-A*33:03;HLA-B*44:03;HLA-C*14:03
PK45P,HLA-A*24:02;HLA-A*33:03;HLA-B*15:18;HLA-B*44:03;HLA-C*07:04;HLA-C*14:03
PK59,HLA-A*31:01;HLA-A*33:03;HLA-B*35:01;HLA-B*58:01;HLA-C*03:02;HLA-C*04:01
PK8,HLA-A*24:02;HLA-A*31:01;HLA-B*27:04;HLA-B*35:01;HLA-C*04:01;HLA-C*12:02
PL21,HLA-A*24:02;HLA-A*26:01;HLA-B*13:01;HLA-B*40:06;HLA-C*03:04
PL45,HLA-A*01:01;HLA-A*31:01;HLA-B*40:01;HLA-B*49:01;HLA-C*03:04;HLA-C*07:01
PLCPRF5,HLA-A*03:01;HLA-A*33:03;HLA-B*42:02;HLA-B*53:01;HLA-C*04:01;HLA-C*17:01
PSN1,HLA-A*24:02;HLA-B*52:01;HLA-C*12:02
Panc0203,HLA-A*02:05;HLA-A*31:01;HLA-B*08:01;HLA-B*49:01;HLA-C*07:01
Panc0327,HLA-A*02:01;HLA-A*24:02;HLA-B*07:02;HLA-B*56:01;HLA-C*01:02;HLA-C*07:02
Panc0403,HLA-A*32:01;HLA-B*27:05;HLA-C*01:02
Panc0504,HLA-A*02:06;HLA-A*11:01;HLA-B*27:05;HLA-B*55:01;HLA-C*03:03
Panc0813,HLA-A*02:01;HLA-B*07:02;HLA-B*15:40;HLA-C*02:02;HLA-C*05:01
Pfeiffer,HLA-A*01:01;HLA-A*33:01;HLA-B*14:02;HLA-B*57:01;HLA-C*06:02;HLA-C*08:02
QGP1,HLA-A*24:02;HLA-B*15:11;HLA-B*67:02;HLA-C*01:21;HLA-C*12:03
RAMOS,HLA-A*03:01;HLA-B*44:03;HLA-B*51:01;HLA-C*16:01
RCC10RGB,HLA-A*02:06;HLA-A*24:02;HLA-B*39:01;HLA-B*54:01;HLA-C*01:02;HLA-C*07:02
RCHACV,HLA-A*02:01;HLA-A*68:01;HLA-B*39:01;HLA-B*44:02;HLA-C*05:01;HLA-C*12:03
RCK8,HLA-A*24:02;HLA-A*26:01;HLA-B*51:01;HLA-B*54:15;HLA-C*01:02
RCM1,HLA-A*24:02;HLA-B*51:01;HLA-B*54:01;HLA-C*01:02;HLA-C*14:02
RD,HLA-A*01:01;HLA-B*37:01;HLA-C*06:02
REC1,HLA-A*01:01;HLA-A*24:02;HLA-B*35:01;HLA-B*57:01;HLA-C*04:01;HLA-C*06:02
RERFGC1B,HLA-A*02:06;HLA-A*31:01;HLA-B*40:02;HLA-B*51:01;HLA-C*03:04;HLA-C*14:02
RERFLCAI,HLA-A*24:02;HLA-B*35:06;HLA-B*52:01;HLA-C*12:02
RERFLCKJ,HLA-A*24:02;HLA-A*26:01;HLA-B*40:02;HLA-B*52:01;HLA-C*03:04;HLA-C*12:02
RERFLCMS,HLA-A*11:01;HLA-B*54:01;HLA-C*01:02
RERFLCOK,HLA-A*03:02;HLA-A*24:02;HLA-B*08:01;HLA-B*35:08;HLA-C*03:03;HLA-C*07:01
RH41,HLA-A*68:01;HLA-B*14:02;HLA-B*40:01;HLA-C*01:04;HLA-C*03:04
RI1,HLA-A*02:01;HLA-A*03:01;HLA-B*44:02;HLA-B*47:01;HLA-C*05:01;HLA-C*06:02
RKN,HLA-A*33:03;HLA-B*44:03;HLA-C*14:03
RKO,HLA-A*03:01;HLA-B*18:01;HLA-B*35:08;HLA-C*07:01
RKOE6,HLA-A*03:01;HLA-B*18:01;HLA-B*37:04;HLA-C*07:01
RL,HLA-A*02:01;HLA-B*07:02;HLA-C*07:02
RL952,HLA-A*02:10;HLA-A*24:02;HLA-B*55:01;HLA-C*03:03
RMGI,HLA-A*24:02;HLA-B*40:02;HLA-C*03:04
RMUGS,HLA-A*02:07;HLA-A*33:03;HLA-B*15:18;HLA-B*46:01;HLA-C*01:02;HLA-C*03:03
RPMI2650,HLA-A*02:01;HLA-A*03:01;HLA-B*07:02;HLA-B*35:08;HLA-C*03:03;HLA-C*07:02
RPMI7951,HLA-A*01:01;HLA-A*02:01;HLA-B*08:01;HLA-B*13:02;HLA-C*06:02;HLA-C*07:01
RPMI8226,HLA-A*30:01;HLA-A*68:02;HLA-B*15:10;HLA-C*02:02;HLA-C*03:04
RPMI8402,HLA-A*01:01;HLA-A*29:01;HLA-B*07:05;HLA-B*38:01;HLA-C*12:03;HLA-C*15:05
RS411,HLA-A*03:01;HLA-A*32:01;HLA-B*14:02;HLA-B*37:01;HLA-C*06:02;HLA-C*08:02
RS5,HLA-A*02:01;HLA-A*11:01;HLA-B*35:01;HLA-B*44:02;HLA-C*04:01;HLA-C*07:04
RT112,HLA-A*26:01;HLA-B*08:01;HLA-B*27:05;HLA-C*01:02
RT4,HLA-A*02:01;HLA-A*03:01;HLA-B*44:02;HLA-C*05:01
S117,HLA-A*01:01;HLA-B*37:01;HLA-C*06:02
SBC5,HLA-A*02:07;HLA-A*33:03;HLA-B*46:01;HLA-B*58:01;HLA-C*01:02;HLA-C*03:02
SC1,HLA-A*02:01;HLA-B*44:02;HLA-C*05:01
SCC15,HLA-A*01:01;HLA-B*08:01;HLA-B*51:01;HLA-C*07:01;HLA-C*14:02
SCC25,HLA-A*02:01;HLA-B*08:01;HLA-C*07:01
SCC3,HLA-A*02:01;HLA-A*26:02;HLA-B*35:01;HLA-B*40:06;HLA-C*03:03;HLA-C*08:01
SCC4,HLA-A*02:01;HLA-B*07:02;HLA-B*44:03;HLA-C*04:01;HLA-C*07:02
SCC9,HLA-A*01:01;HLA-A*02:01;HLA-B*35:03;HLA-B*44:03;HLA-C*04:01;HLA-C*16:02
SCLC21H,HLA-A*01:01;HLA-A*32:03;HLA-B*39:04;HLA-B*44:02;HLA-C*02:02;HLA-C*08:02
SCLC22H,HLA-A*01:01;HLA-A*32:01;HLA-B*27:05;HLA-B*35:86;HLA-C*02:02
SEM,HLA-A*01:01;HLA-A*32:01;HLA-B*08:01;HLA-B*15:01;HLA-C*03:03;HLA-C*07:01
SET2,HLA-A*02:01;HLA-A*33:03;HLA-B*40:02;HLA-B*44:03;HLA-C*03:03;HLA-C*14:03
SF126,HLA-A*02:01;HLA-A*24:02;HLA-B*35:01;HLA-B*40:01;HLA-C*03:04;HLA-C*04:01
SF268,HLA-A*01:01;HLA-A*32:01;HLA-B*08:01;HLA-B*40:02;HLA-C*02:02;HLA-C*07:01
SF539,HLA-A*02:01;HLA-B*08:01;HLA-B*35:03;HLA-C*04:01;HLA-C*07:01
SH4,HLA-A*02:01;HLA-A*26:01;HLA-B*51:01;HLA-B*56:01;HLA-C*01:02;HLA-C*15:02
SHP77,HLA-A*02:01;HLA-A*24:02;HLA-B*40:08;HLA-B*54:01;HLA-C*03:08;HLA-C*07:01
SIGM5,HLA-A*01:01;HLA-A*24:02;HLA-B*07:02;HLA-B*51:01;HLA-C*15:02
SIMA,HLA-A*03:01;HLA-B*40:01;HLA-B*51:01;HLA-C*06:02;HLA-C*12:02
SJCRH30,HLA-A*11:17;HLA-A*24:08;HLA-B*35:01;HLA-C*18:01
SJSA1,HLA-A*30:02;HLA-A*74:01;HLA-B*07:06;HLA-B*57:03;HLA-C*15:05;HLA-C*18:02
SK23,HLA-A*01:01;HLA-A*02:01;HLA-B*08:01;HLA-B*37:04;HLA-C*07:01
SKBR3,HLA-A*02:01;HLA-A*11:01;HLA-B*14:02;HLA-B*35:21;HLA-C*03:04
SKCO1,HLA-A*01:01;HLA-A*02:01;HLA-B*35:08;HLA-B*58:05;HLA-C*05:01;HLA-C*07:01
SKES1,HLA-A*11:01;HLA-B*07:06;HLA-B*44:02;HLA-C*05:01;HLA-C*07:02
SKHEP1,HLA-A*02:01;HLA-A*24:02;HLA-B*35:02;HLA-B*44:03;HLA-C*04:01
SKLMS1,HLA-A*02:01;HLA-A*32:01;HLA-B*07:02;HLA-B*51:01;HLA-C*07:02;HLA-C*15:02
SKLU1,HLA-A*24:02;HLA-B*40:02;HLA-C*02:02
SKM1,HLA-A*02:07;HLA-A*33:03;HLA-B*40:01;HLA-B*59:01;HLA-C*01:02;HLA-C*03:04
SKMEL1,HLA-A*26:01;HLA-B*38:01;HLA-B*67:02;HLA-C*04:01;HLA-C*12:03
SKMEL2,HLA-A*03:01;HLA-A*26:01;HLA-B*35:08;HLA-B*38:01;HLA-C*04:01;HLA-C*12:03
SKMEL24,HLA-A*01:01;HLA-A*02:01;HLA-B*14:01;HLA-B*44:02;HLA-C*05:01
SKMEL28,HLA-A*11:01;HLA-B*40:01;HLA-C*03:04
SKMEL3,HLA-A*24:02;HLA-B*44:03;HLA-B*51:01;HLA-C*04:01;HLA-C*15:04
SKMEL30,HLA-A*01:01;HLA-A*02:01;HLA-B*08:01;HLA-B*44:02;HLA-C*05:01;HLA-C*07:06
SKMEL31,HLA-A*01:01;HLA-A*31:01;HLA-B*40:01;HLA-B*53:01;HLA-C*03:04;HLA-C*04:01
SKMEL5,HLA-A*02:01;HLA-A*11:01;HLA-B*07:02;HLA-B*40:01;HLA-C*03:04;HLA-C*07:02
SKMES1,HLA-A*03:01;HLA-B*07:02;HLA-C*07:02
SKMM2,HLA-A*30:01;HLA-A*68:01;HLA-B*49:01;HLA-B*51:01;HLA-C*07:01
SKNAS,HLA-A*24:02;HLA-A*26:01;HLA-B*14:01;HLA-B*40:01;HLA-C*03:04;HLA-C*08:02
SKNDZ,
SKNFI,HLA-A*03:01;HLA-A*23:01;HLA-B*08:01;HLA-B*44:02;HLA-C*04:01;HLA-C*07:01
SKNMC,HLA-A*01:01;HLA-A*25:01;HLA-B*08:01
SKNSH,HLA-A*01:01;HLA-A*24:02;HLA-B*18:01;HLA-B*49:01;HLA-C*07:06
SKOV3,HLA-A*03:01;HLA-A*68:01;HLA-B*18:01;HLA-B*35:01;HLA-C*04:01;HLA-C*05:01
SKUT1,HLA-A*02:01;HLA-A*03:01;HLA-B*44:02;HLA-B*55:01;HLA-C*01:02;HLA-C*05:01
SNGM,HLA-A*11:01;HLA-A*26:03;HLA-B*51:01;HLA-B*54:01;HLA-C*01:02;HLA-C*03:04
SNU1,HLA-A*02:265;HLA-A*30:04;HLA-B*14:01;HLA-C*01:02;HLA-C*08:02
SNU1033,HLA-A*24:02;HLA-B*40:01;HLA-B*51:01;HLA-C*15:02
SNU1040,HLA-A*24:02;HLA-B*38:02;HLA-B*51:01;HLA-C*07:02;HLA-C*14:02
SNU1041,HLA-A*02:01;HLA-B*15:01;HLA-B*27:05;HLA-C*01:02;HLA-C*04:01
SNU1066,HLA-A*02:06;HLA-A*24:02;HLA-B*15:01;HLA-B*27:05;HLA-C*01:02;HLA-C*04:01
SNU1076,HLA-A*01:01;HLA-A*02:01;HLA-B*13:01;HLA-C*03:04;HLA-C*06:02
SNU1077,HLA-A*02:06;HLA-A*24:02;HLA-B*40:06;HLA-B*67:01;HLA-C*07:02;HLA-C*08:01
SNU1079,HLA-A*31:01;HLA-A*33:03;HLA-B*44:03;HLA-B*48:01;HLA-C*03:03;HLA-C*14:03
SNU1105,HLA-A*11:01;HLA-A*24:02;HLA-B*35:01;HLA-B*51:01;HLA-C*08:01;HLA-C*14:02
SNU119,HLA-A*31:01;HLA-B*35:01;HLA-B*51:01;HLA-C*14:02
SNU1196,HLA-A*24:02;HLA-B*54:01;HLA-C*01:02
SNU1197,HLA-A*24:02;HLA-B*48:01;HLA-B*55:02;HLA-C*03:03;HLA-C*08:01
SNU1214,HLA-A*11:01;HLA-B*13:01;HLA-C*07:02
SNU1272,HLA-A*02:06;HLA-A*26:02;HLA-B*40:06;HLA-B*55:02;HLA-C*08:01
SNU16,HLA-A*24:02;HLA-A*33:03;HLA-B*52:01;HLA-B*55:01;HLA-C*01:02
SNU182,HLA-A*11:01;HLA-A*30:01;HLA-B*13:02;HLA-B*55:02;HLA-C*01:02;HLA-C*06:02
SNU201,HLA-A*24:02;HLA-A*33:03;HLA-B*40:01;HLA-C*03:04
SNU213,HLA-A*02:01;HLA-A*33:03;HLA-B*44:02;HLA-B*51:01;HLA-C*07:01;HLA-C*15:02
SNU216,HLA-A*24:02;HLA-B*52:01;HLA-C*12:02
SNU245,HLA-A*02:01;HLA-A*33:03;HLA-B*35:01;HLA-B*44:03;HLA-C*03:03;HLA-C*14:03
SNU308,HLA-A*24:02;HLA-A*33:03;HLA-B*48:01;HLA-B*58:01;HLA-C*03:02;HLA-C*08:03
SNU324,HLA-A*24:02;HLA-A*26:02;HLA-B*40:06;HLA-C*03:03
SNU349,HLA-A*02:01;HLA-A*24:02;HLA-B*39:01;HLA-B*51:01;HLA-C*14:02
SNU387,HLA-A*02:06;HLA-B*15:27;HLA-B*35:14;HLA-C*03:03;HLA-C*04:01
SNU398,HLA-A*02:01;HLA-A*24:02;HLA-B*15:32;HLA-B*40:02;HLA-C*01:02;HLA-C*04:01
SNU410,HLA-A*02:01;HLA-A*33:03;HLA-B*07:02;HLA-B*59:01;HLA-C*01:02;HLA-C*07:02
SNU423,HLA-A*11:01;HLA-A*33:03;HLA-B*15:02;HLA-B*58:01;HLA-C*03:02;HLA-C*08:01
SNU449,HLA-A*11:01;HLA-A*31:01;HLA-B*39:01;HLA-B*67:01;HLA-C*07:02
SNU466,HLA-A*02:01;HLA-A*11:01;HLA-B*39:01;HLA-B*40:01;HLA-C*07:02
SNU475,HLA-A*02:01;HLA-A*11:01;HLA-B*40:02;HLA-B*54:01;HLA-C*03:04
SNU478,HLA-A*11:01;HLA-A*33:03;HLA-B*52:01;HLA-B*58:01;HLA-C*03:02;HLA-C*12:02
SNU484,HLA-A*24:02;HLA-A*30:01;HLA-B*44:02;HLA-B*51:01;HLA-C*05:01;HLA-C*14:02
SNU489,HLA-A*11:01;HLA-A*33:03;HLA-B*40:06;HLA-B*44:03;HLA-C*07:06;HLA-C*08:01
SNU5,HLA-A*24:02;HLA-A*26:01;HLA-B*35:01;HLA-B*40:02;HLA-C*03:04
SNU503,HLA-A*33:03;HLA-B*51:01;HLA-C*14:02
SNU520,HLA-A*24:02;HLA-A*30:01;HLA-B*07:17;HLA-B*35:01;HLA-C*05:01;HLA-C*06:02
SNU601,HLA-A*11:01;HLA-A*26:01;HLA-B*15:01;HLA-B*40:01;HLA-C*04:01;HLA-C*15:02
SNU620,HLA-A*33:03;HLA-B*44:03;HLA-B*58:01;HLA-C*03:02;HLA-C*07:01
SNU626,HLA-A*24:02;HLA-A*29:01;HLA-B*07:06;HLA-B*15:01;HLA-C*01:02;HLA-C*15:05
SNU638,HLA-A*03:19;HLA-A*24:02;HLA-B*44:02;HLA-B*52:01;HLA-C*05:01;HLA-C*12:02
SNU668,HLA-A*33:03;HLA-B*44:03;HLA-C*14:03
SNU685,HLA-A*02:01;HLA-A*33:03;HLA-B*44:02;HLA-B*54:01
SNU719,HLA-A*24:02;HLA-B*07:02;HLA-B*52:01;HLA-C*07:02;HLA-C*12:02
SNU738,HLA-A*02:06;HLA-A*24:02;HLA-B*35:01;HLA-B*52:01;HLA-C*03:03;HLA-C*12:02
SNU761,HLA-A*11:01;HLA-B*13:01;HLA-C*03:04
SNU8,HLA-A*02:06;HLA-A*24:02;HLA-B*39:01;HLA-B*40:02;HLA-C*03:04
SNU81,
SNU840,HLA-A*03:01;HLA-A*31:01;HLA-B*15:07;HLA-B*44:02;HLA-C*03:03;HLA-C*05:01
SNU869,HLA-A*33:03;HLA-B*44:03;HLA-C*14:03
SNU878,HLA-A*33:03;HLA-B*58:01;HLA-C*03:02
SNU886,HLA-A*24:02;HLA-A*33:03;HLA-B*13:02;HLA-B*44:03;HLA-C*06:02;HLA-C*07:01
SNU899,HLA-A*02:06;HLA-B*15:01;HLA-C*04:01
SNUC1,HLA-A*02:06;HLA-A*11:01;HLA-B*15:01;HLA-B*54:01;HLA-C*01:02;HLA-C*03:03
SNUC2A,HLA-A*24:02;HLA-A*26:01;HLA-B*07:02;HLA-B*48:01;HLA-C*08:03;HLA-C*14:02
SNUC4,HLA-A*02:01;HLA-A*24:02;HLA-B*35:12;HLA-B*48:01;HLA-C*03:04;HLA-C*08:03
SNUC5,HLA-A*02:07;HLA-A*24:22;HLA-B*15:05;HLA-B*46:01;HLA-C*01:02
SR,HLA-A*02:01;HLA-A*03:01;HLA-B*37:01;HLA-B*39:01;HLA-C*12:03
SR786,HLA-A*02:01;HLA-A*03:01;HLA-B*37:01;HLA-B*39:01;HLA-C*06:02;HLA-C*12:03
ST486,HLA-A*02:11;HLA-A*25:01;HLA-B*18:01;HLA-B*52:01;HLA-C*12:03;HLA-C*15:02
SU8686,HLA-A*29:02;HLA-A*32:01;HLA-B*44:02;HLA-C*05:01;HLA-C*16:01
SUDHL1,HLA-A*02:01;HLA-A*68:02;HLA-B*55:01;HLA-C*03:03;HLA-C*06:02
SUDHL10,HLA-A*31:01;HLA-B*40:01;HLA-C*03:04
SUDHL16,HLA-A*01:01;HLA-B*08:01;HLA-C*07:01
SUDHL4,HLA-A*02:01;HLA-A*03:01;HLA-B*15:01;HLA-C*03:04
SUDHL5,HLA-A*03:01;HLA-A*24:02;HLA-B*07:02;HLA-B*52:01;HLA-C*07:02;HLA-C*12:02
SUDHL6,HLA-A*02:01;HLA-A*23:01;HLA-B*15:01;HLA-B*49:01;HLA-C*03:03;HLA-C*07:06
SUDHL8,HLA-A*03:01;HLA-B*44:02;HLA-C*05:01
SUIT2,HLA-A*02:06;HLA-A*24:02;HLA-B*07:02;HLA-B*59:01;HLA-C*01:02;HLA-C*07:02
SUM1315M02,HLA-A*31:01;HLA-A*32:01;HLA-B*39:01;HLA-B*40:01;HLA-C*03:04;HLA-C*12:03
SUM149PT,HLA-A*68:01;HLA-B*53:01;HLA-B*78:01;HLA-C*06:02;HLA-C*16:01
SUM159PT,HLA-A*02:01;HLA-A*24:02;HLA-B*15:01;HLA-B*51:01;HLA-C*03:03;HLA-C*15:02
SUM229PE,HLA-A*68:01;HLA-B*53:02;HLA-B*78:01;HLA-C*06:02;HLA-C*16:01
SUM52PE,HLA-A*32:01;HLA-B*07:02;HLA-B*15:01;HLA-C*03:03;HLA-C*07:02
SUPB15,HLA-A*03:01;HLA-A*11:01;HLA-B*51:02;HLA-B*52:01;HLA-C*12:02;HLA-C*14:02
SUPT11,HLA-A*01:01;HLA-A*33:01;HLA-B*08:01;HLA-B*14:02;HLA-C*07:01;HLA-C*08:01
SW1088,HLA-A*01:01;HLA-A*03:01;HLA-B*08:01;HLA-B*44:02;HLA-C*07:01
SW1116,HLA-A*23:01;HLA-B*44:03;HLA-C*04:01
SW1271,HLA-A*02:01;HLA-A*26:01;HLA-B*07:02;HLA-B*13:02;HLA-C*07:02
SW1353,HLA-A*24:02;HLA-A*29:02;HLA-B*44:02;HLA-C*02:02;HLA-C*16:01
SW1417,HLA-A*03:01;HLA-A*24:02;HLA-B*35:01;HLA-C*04:01
SW1463,HLA-A*01:01;HLA-A*02:01;HLA-B*08:01;HLA-B*44:02;HLA-C*05:01;HLA-C*07:06
SW1573,HLA-A*02:01;HLA-A*24:02;HLA-B*44:02;HLA-C*05:01
SW1710,HLA-A*02:01;HLA-A*24:02;HLA-B*07:02;HLA-B*44:02;HLA-C*05:01;HLA-C*07:02
SW1783,HLA-A*29:02;HLA-A*32:01;HLA-B*44:02;HLA-B*49:01;HLA-C*05:01;HLA-C*07:01
SW1990,HLA-A*26:01;HLA-B*27:05;HLA-B*38:01;HLA-C*01:02
SW403,HLA-A*02:05;HLA-A*03:01;HLA-B*07:02;HLA-B*49:01;HLA-C*07:02
SW48,HLA-A*24:02;HLA-B*44:02;HLA-C*05:01;HLA-C*07:06
SW480,HLA-A*02:01;HLA-A*24:02;HLA-B*07:02;HLA-B*15:18;HLA-C*07:04
SW527,HLA-A*02:01;HLA-A*24:02;HLA-B*07:02;HLA-B*15:18;HLA-C*07:04
SW579,HLA-A*02:01;HLA-B*07:43;HLA-B*51:01;HLA-C*15:02
SW620,HLA-A*02:01;HLA-A*24:02;HLA-B*07:13;HLA-B*37:04;HLA-C*07:04
SW780,HLA-A*03:01;HLA-A*23:01;HLA-B*07:02;HLA-B*41:02;HLA-C*07:02;HLA-C*17:01
SW837,HLA-A*32:01;HLA-B*35:01;HLA-C*04:01
SW900,HLA-A*33:01;HLA-B*14:02;HLA-C*08:02
SW948,HLA-A*01:01;HLA-B*08:01;HLA-B*58:01;HLA-C*07:01
SW982,HLA-A*02:01;HLA-B*07:02;HLA-B*49:01;HLA-C*07:01
SiHa,HLA-A*24:02;HLA-B*40:02;HLA-C*03:04
T173,HLA-A*01:01;HLA-B*08:01;HLA-B*44:05;HLA-C*02:02;HLA-C*07:06
T3M10,HLA-A*11:01;HLA-A*24:02;HLA-B*40:01;HLA-B*46:01;HLA-C*01:03;HLA-C*03:10
T47D,HLA-A*33:03;HLA-B*14:02;HLA-C*08:02
T84,HLA-A*02:01;HLA-A*24:02;HLA-B*18:01;HLA-B*35:01;HLA-C*04:01;HLA-C*07:01
T98G,HLA-A*02:01;HLA-B*35:03;HLA-B*39:06;HLA-C*04:01;HLA-C*07:02
TC71,HLA-A*02:01;HLA-A*68:01;HLA-B*15:07;HLA-B*44:02;HLA-C*03:03;HLA-C*05:01
TCCPAN2,HLA-A*11:01;HLA-A*24:02;HLA-B*52:01;HLA-B*54:01;HLA-C*01:02
TE1,HLA-A*24:02;HLA-A*26:01;HLA-B*35:01;HLA-B*39:01;HLA-C*03:03;HLA-C*07:02
TE10,HLA-A*02:19;HLA-A*24:02;HLA-B*51:01;HLA-B*56:01;HLA-C*01:02;HLA-C*14:02
TE11,HLA-A*24:02;HLA-B*51:01;HLA-C*03:04
TE125T,HLA-A*02:06;HLA-A*11:01;HLA-B*35:21;HLA-B*51:01;HLA-C*04:01;HLA-C*15:09
TE14,HLA-A*11:01;HLA-B*07:02;HLA-B*48:01;HLA-C*08:01
TE159T,HLA-A*02:01;HLA-A*11:01;HLA-B*15:01;HLA-B*52:01;HLA-C*04:01;HLA-C*12:02
TE4,HLA-A*02:07;HLA-A*11:01;HLA-B*46:01;HLA-B*54:01;HLA-C*01:02
TE441T,HLA-A*03:01;HLA-A*24:02;HLA-B*15:01;HLA-B*44:03;HLA-C*02:02;HLA-C*04:01
TE6,HLA-A*24:02;HLA-B*40:06;HLA-C*03:03;HLA-C*08:01
TE617T,HLA-A*24:03;HLA-B*07:02;HLA-B*51:09;HLA-C*01:02
TE8,HLA-A*26:01;HLA-B*55:02;HLA-C*01:02
TE9,HLA-A*24:02;HLA-B*15:07;HLA-B*40:06;HLA-C*03:03;HLA-C*15:02
TF1,HLA-A*02:01;HLA-A*33:03;HLA-B*08:20;HLA-B*51:01;HLA-C*01:02;HLA-C*14:03
TGBC11TKB,HLA-A*26:01;HLA-B*35:10;HLA-C*03:03
THP1,HLA-A*02:01;HLA-B*15:11;HLA-C*03:03
TK,HLA-A*02:06;HLA-B*52:01;HLA-C*12:02
TK10,HLA-A*33:01;HLA-B*14:02;HLA-C*08:02
TM31,HLA-A*24:02;HLA-B*07:02;HLA-B*51:01;HLA-C*07:02;HLA-C*14:02
TMD8,HLA-A*02:07;HLA-B*15:01;HLA-B*46:01;HLA-C*01:02
TO175T,HLA-A*01:01;HLA-A*32:01;HLA-B*08:01;HLA-B*44:02;HLA-C*05:01;HLA-C*07:01
TOV112D,HLA-A*03:01;HLA-B*14:01;HLA-C*08:02
TOV21G,HLA-A*11:01;HLA-A*26:01;HLA-B*40:02;HLA-C*02:02;HLA-C*04:01
TT,HLA-A*02:01;HLA-A*03:01;HLA-B*51:01;HLA-B*67:02;HLA-C*12:03;HLA-C*14:02
TT2609C02,HLA-A*03:01;HLA-A*24:02;HLA-B*15:01;HLA-B*51:01;HLA-C*02:02;HLA-C*03:03
TUHR10TKB,HLA-A*02:01;HLA-A*24:02;HLA-B*40:01;HLA-C*03:04
TUHR14TKB,HLA-A*24:02;HLA-B*39:01;HLA-B*40:02;HLA-C*03:04
TUHR4TKB,HLA-A*02:06;HLA-B*15:18;HLA-C*07:04
TYKnu,HLA-A*02:01;HLA-A*26:03;HLA-B*35:102;HLA-B*40:05;HLA-C*03:03;HLA-C*07:02
TYKnuCPr,HLA-A*02:01;HLA-A*26:03;HLA-B*35:08;HLA-B*58:05;HLA-C*03:03;HLA-C*07:02
Toledo,HLA-A*24:02;HLA-A*30:02;HLA-B*18:01;HLA-B*41:01;HLA-C*12:03;HLA-C*17:01
U266B1,HLA-A*02:01;HLA-A*03:01;HLA-B*07:02;HLA-B*40:01;HLA-C*03:04;HLA-C*07:02
U2932,HLA-A*01:01;HLA-A*03:01;HLA-B*08:01;HLA-B*15:01;HLA-C*03:04;HLA-C*07:01
U2OS,HLA-A*02:01;HLA-A*32:01;HLA-B*44:02;HLA-C*05:01;HLA-C*07:04
U698M,HLA-A*02:01;HLA-A*03:01;HLA-B*07:02;HLA-B*27:05;HLA-C*01:02;HLA-C*07:02
U87MG,HLA-A*02:01;HLA-B*44:02;HLA-C*05:01
U937,HLA-A*03:01;HLA-B*18:01;HLA-B*51:01;HLA-C*01:02;HLA-C*07:01
UACC257,HLA-A*02:01;HLA-B*37:09;HLA-B*44:02;HLA-C*05:01;HLA-C*07:04
UACC62,HLA-A*02:01;HLA-A*32:03;HLA-B*39:01;HLA-B*44:02;HLA-C*05:01;HLA-C*12:03
UACC812,HLA-A*02:14;HLA-A*68:01;HLA-B*46:01;HLA-B*51:01;HLA-C*08:01;HLA-C*12:03
UACC893,HLA-A*01:01;HLA-A*29:02;HLA-B*07:17;HLA-B*15:50;HLA-C*16:01
UBLC1,HLA-A*01:01;HLA-B*07:02;HLA-B*13:02;HLA-C*02:02;HLA-C*06:02
UCSD242l,HLA-A*02:02;HLA-A*32:01;HLA-B*40:02;HLA-C*02:02;HLA-C*03:04
UKE1,HLA-A*02:01;HLA-A*03:01;HLA-B*07:02;HLA-B*35:03;HLA-C*04:01;HLA-C*07:02
UMC11,HLA-A*03:02;HLA-A*29:02;HLA-B*35:08;HLA-B*51:09;HLA-C*04:01;HLA-C*16:01
UMUC1,HLA-A*30:02;HLA-A*36:01;HLA-B*35:01;HLA-B*53:01;HLA-C*04:01;HLA-C*16:01
UMUC3,HLA-A*02:01;HLA-A*33:01;HLA-B*07:02;HLA-B*14:02;HLA-C*07:02
VMRCLCD,HLA-A*02:01;HLA-B*07:02;HLA-B*44:02;HLA-C*05:01;HLA-C*07:02
VMRCRCW,HLA-A*02:01;HLA-A*33:03;HLA-B*07:02;HLA-B*18:01;HLA-C*04:01;HLA-C*07:06
VMRCRCZ,HLA-A*02:01;HLA-A*24:02;HLA-B*07:02;HLA-B*38:01;HLA-C*07:02;HLA-C*12:03
WM115,HLA-A*02:01;HLA-A*29:02;HLA-B*13:02;HLA-B*44:03;HLA-C*06:02;HLA-C*16:01
WM1799,HLA-A*26:01;HLA-B*38:01;HLA-B*44:02;HLA-C*12:03
WM2664,HLA-A*02:01;HLA-A*29:02;HLA-B*13:02;HLA-B*44:03;HLA-C*06:02;HLA-C*16:01
WM793,HLA-A*01:01;HLA-A*29:01;HLA-B*35:02;HLA-B*57:01;HLA-C*04:01;HLA-C*06:02
WM88,HLA-A*11:01;HLA-A*23:01;HLA-B*35:01;HLA-B*44:03;HLA-C*04:01
WM983B,HLA-A*01:01;HLA-A*29:02;HLA-B*14:02;HLA-B*37:01;HLA-C*06:02;HLA-C*08:02
WSUDLCL2,HLA-A*02:01;HLA-A*29:02;HLA-B*27:07;HLA-B*44:03;HLA-C*15:02
WSUFSCCL,HLA-A*02:01;HLA-B*27:05;HLA-B*44:02;HLA-C*01:02;HLA-C*05:01
WSUNHL,HLA-A*02:01;HLA-B*44:02;HLA-C*05:01;HLA-C*07:04
WiDr,HLA-A*01:01;HLA-A*24:03;HLA-B*35:01;HLA-B*44:03;HLA-C*04:01
YAPC,HLA-A*24:02;HLA-B*35:01;HLA-B*52:01;HLA-C*12:02
YD10B,HLA-A*02:06;HLA-A*33:03;HLA-B*51:01;HLA-B*58:01;HLA-C*03:02;HLA-C*14:02
YD8,HLA-A*31:01;HLA-B*15:01;HLA-B*40:02;HLA-C*03:04
YH13,HLA-A*11:01;HLA-A*24:02;HLA-B*35:01;HLA-B*52:01;HLA-C*12:02
YMB1,HLA-A*02:01;HLA-A*24:02;HLA-B*35:01;HLA-C*04:01
YMB1E,HLA-A*24:18;HLA-B*35:01;HLA-C*04:01
ZR751,HLA-A*11:01;HLA-A*24:02;HLA-B*35:01;HLA-C*04:01
ZR7530,HLA-A*03:01;HLA-A*23:01;HLA-B*07:02;HLA-B*35:01;HLA-C*04:01;HLA-C*07:02
huH1,HLA-A*02:06;HLA-A*11:01;HLA-B*08:20;HLA-B*35:08;HLA-C*01:03;HLA-C*07:02
